model,seed,concept,layer,rank,direction,context,eval_lang,acc,logit_diff,n
bigscience/bloom-560m,0,side,-1,0,none,informative,bn,0.6666666666666666,0.3204646209875743,120
bigscience/bloom-560m,0,side,-1,0,none,informative,en,0.5083333333333333,0.08027979532877604,120
bigscience/bloom-560m,0,side,-1,0,none,informative,hi,0.6166666666666667,0.34433420598506925,120
bigscience/bloom-560m,0,side,-1,0,none,neutral,bn,0.43333333333333335,-0.17757983207702638,120
bigscience/bloom-560m,0,side,-1,0,none,neutral,en,0.5,0.0,120
bigscience/bloom-560m,0,side,-1,0,none,neutral,hi,0.49166666666666664,-0.029096723596254984,120
bigscience/bloom-560m,0,gender,-1,0,none,informative,bn,0.5,0.5868090391159058,120
bigscience/bloom-560m,0,gender,-1,0,none,informative,en,0.9583333333333334,0.5642773946126302,120
bigscience/bloom-560m,0,gender,-1,0,none,informative,hi,0.725,0.44527589877446494,120
bigscience/bloom-560m,0,gender,-1,0,none,neutral,bn,0.5,0.04501112898190816,120
bigscience/bloom-560m,0,gender,-1,0,none,neutral,en,0.85,0.5204597473144531,120
bigscience/bloom-560m,0,gender,-1,0,none,neutral,hi,0.55,0.18901139895121258,120
bigscience/bloom-560m,0,side,0,1,bn,informative,bn,0.6833333333333333,0.3284929951032003,120
bigscience/bloom-560m,0,side,0,1,bn,informative,en,0.5083333333333333,0.0801989237467448,120
bigscience/bloom-560m,0,side,0,1,bn,informative,hi,0.6166666666666667,0.34345805943012236,120
bigscience/bloom-560m,0,side,0,1,bn,neutral,bn,0.43333333333333335,-0.16812120079994203,120
bigscience/bloom-560m,0,side,0,1,bn,neutral,en,0.5,0.0,120
bigscience/bloom-560m,0,side,0,1,bn,neutral,hi,0.49166666666666664,-0.030140621463457744,120
bigscience/bloom-560m,0,side,2,1,bn,informative,bn,0.6583333333333333,0.29587623476982117,120
bigscience/bloom-560m,0,side,2,1,bn,informative,en,0.5083333333333333,0.07726847330729167,120
bigscience/bloom-560m,0,side,2,1,bn,informative,hi,0.6166666666666667,0.3263727366924286,120
bigscience/bloom-560m,0,side,2,1,bn,neutral,bn,0.43333333333333335,-0.21423250436782837,120
bigscience/bloom-560m,0,side,2,1,bn,neutral,en,0.5,0.0,120
bigscience/bloom-560m,0,side,2,1,bn,neutral,hi,0.4666666666666667,-0.03936968942483266,120
bigscience/bloom-560m,0,side,4,1,bn,informative,bn,0.65,0.3142711639404297,120
bigscience/bloom-560m,0,side,4,1,bn,informative,en,0.5083333333333333,0.07337010701497396,120
bigscience/bloom-560m,0,side,4,1,bn,informative,hi,0.6083333333333333,0.3337484290202459,120
bigscience/bloom-560m,0,side,4,1,bn,neutral,bn,0.44166666666666665,-0.17888834277788798,120
bigscience/bloom-560m,0,side,4,1,bn,neutral,en,0.5,0.0,120
bigscience/bloom-560m,0,side,4,1,bn,neutral,hi,0.475,-0.0350873718659083,120
bigscience/bloom-560m,0,side,6,1,bn,informative,bn,0.6833333333333333,0.3726107438405355,120
bigscience/bloom-560m,0,side,6,1,bn,informative,en,0.5083333333333333,0.081085205078125,120
bigscience/bloom-560m,0,side,6,1,bn,informative,hi,0.6166666666666667,0.36133328874905907,120
bigscience/bloom-560m,0,side,6,1,bn,neutral,bn,0.4583333333333333,-0.15411508282025654,120
bigscience/bloom-560m,0,side,6,1,bn,neutral,en,0.5,0.0,120
bigscience/bloom-560m,0,side,6,1,bn,neutral,hi,0.5,0.010690645376841227,120
bigscience/bloom-560m,0,side,8,1,bn,informative,bn,0.6583333333333333,0.3372962772846222,120
bigscience/bloom-560m,0,side,8,1,bn,informative,en,0.5083333333333333,0.07849375406901042,120
bigscience/bloom-560m,0,side,8,1,bn,informative,hi,0.6166666666666667,0.34550686875979103,120
bigscience/bloom-560m,0,side,8,1,bn,neutral,bn,0.43333333333333335,-0.20527777870496114,120
bigscience/bloom-560m,0,side,8,1,bn,neutral,en,0.5,0.0,120
bigscience/bloom-560m,0,side,8,1,bn,neutral,hi,0.5,-0.021115692456563313,120
bigscience/bloom-560m,0,side,10,1,bn,informative,bn,0.6583333333333333,0.3239639321962992,120
bigscience/bloom-560m,0,side,10,1,bn,informative,en,0.5083333333333333,0.07816340128580729,120
bigscience/bloom-560m,0,side,10,1,bn,informative,hi,0.6083333333333333,0.3341202845176061,120
bigscience/bloom-560m,0,side,10,1,bn,neutral,bn,0.44166666666666665,-0.18663601477940878,120
bigscience/bloom-560m,0,side,10,1,bn,neutral,en,0.5,0.0,120
bigscience/bloom-560m,0,side,10,1,bn,neutral,hi,0.475,-0.043672704696655275,120
bigscience/bloom-560m,0,side,12,1,bn,informative,bn,0.65,0.29910881916681925,120
bigscience/bloom-560m,0,side,12,1,bn,informative,en,0.5083333333333333,0.07758941650390624,120
bigscience/bloom-560m,0,side,12,1,bn,informative,hi,0.6166666666666667,0.340048603216807,120
bigscience/bloom-560m,0,side,12,1,bn,neutral,bn,0.4583333333333333,-0.17863175868988038,120
bigscience/bloom-560m,0,side,12,1,bn,neutral,en,0.5,0.0,120
bigscience/bloom-560m,0,side,12,1,bn,neutral,hi,0.475,-0.022980907559394838,120
bigscience/bloom-560m,0,side,12,4,bn,informative,bn,0.6416666666666667,0.24772111376126607,120
bigscience/bloom-560m,0,side,12,4,bn,informative,en,0.5,0.07081960042317709,120
bigscience/bloom-560m,0,side,12,4,bn,informative,hi,0.6166666666666667,0.34275131722291313,120
bigscience/bloom-560m,0,side,12,4,bn,neutral,bn,0.45,-0.20039790272712707,120
bigscience/bloom-560m,0,side,12,4,bn,neutral,en,0.5,-2.5431315104166666e-07,120
bigscience/bloom-560m,0,side,12,4,bn,neutral,hi,0.4666666666666667,-0.028699854016304018,120
bigscience/bloom-560m,0,side,14,1,bn,informative,bn,0.65,0.3023309389750163,120
bigscience/bloom-560m,0,side,14,1,bn,informative,en,0.5,0.07783457438151041,120
bigscience/bloom-560m,0,side,14,1,bn,informative,hi,0.625,0.3482551743586858,120
bigscience/bloom-560m,0,side,14,1,bn,neutral,bn,0.44166666666666665,-0.17940982778867084,120
bigscience/bloom-560m,0,side,14,1,bn,neutral,en,0.5,0.0,120
bigscience/bloom-560m,0,side,14,1,bn,neutral,hi,0.49166666666666664,-0.02226696809132894,120
bigscience/bloom-560m,0,side,16,1,bn,informative,bn,0.6416666666666667,0.29826186299324037,120
bigscience/bloom-560m,0,side,16,1,bn,informative,en,0.5083333333333333,0.08317947387695312,120
bigscience/bloom-560m,0,side,16,1,bn,informative,hi,0.6083333333333333,0.3384599447250366,120
bigscience/bloom-560m,0,side,16,1,bn,neutral,bn,0.43333333333333335,-0.19342687527338664,120
bigscience/bloom-560m,0,side,16,1,bn,neutral,en,0.5,0.0,120
bigscience/bloom-560m,0,side,16,1,bn,neutral,hi,0.48333333333333334,-0.03936224281787872,120
bigscience/bloom-560m,0,side,18,1,bn,informative,bn,0.6833333333333333,0.3091926435629527,120
bigscience/bloom-560m,0,side,18,1,bn,informative,en,0.5083333333333333,0.08599446614583334,120
bigscience/bloom-560m,0,side,18,1,bn,informative,hi,0.6166666666666667,0.3389074355363846,120
bigscience/bloom-560m,0,side,18,1,bn,neutral,bn,0.43333333333333335,-0.20555548866589865,120
bigscience/bloom-560m,0,side,18,1,bn,neutral,en,0.5,0.0,120
bigscience/bloom-560m,0,side,18,1,bn,neutral,hi,0.4666666666666667,-0.04736660420894623,120
bigscience/bloom-560m,0,side,20,1,bn,informative,bn,0.65,0.30612377723058065,120
bigscience/bloom-560m,0,side,20,1,bn,informative,en,0.5,0.08290252685546876,120
bigscience/bloom-560m,0,side,20,1,bn,informative,hi,0.6166666666666667,0.356777548789978,120
bigscience/bloom-560m,0,side,20,1,bn,neutral,bn,0.44166666666666665,-0.19686654408772786,120
bigscience/bloom-560m,0,side,20,1,bn,neutral,en,0.5,0.0,120
bigscience/bloom-560m,0,side,20,1,bn,neutral,hi,0.49166666666666664,-0.026898993055025737,120
bigscience/bloom-560m,0,side,22,1,bn,informative,bn,0.6333333333333333,0.25632947285970054,120
bigscience/bloom-560m,0,side,22,1,bn,informative,en,0.5,0.08022740681966146,120
bigscience/bloom-560m,0,side,22,1,bn,informative,hi,0.6166666666666667,0.346403165658315,120
bigscience/bloom-560m,0,side,22,1,bn,neutral,bn,0.44166666666666665,-0.21845271190007529,120
bigscience/bloom-560m,0,side,22,1,bn,neutral,en,0.5,0.0,120
bigscience/bloom-560m,0,side,22,1,bn,neutral,hi,0.48333333333333334,-0.0279894083738327,120
bigscience/bloom-560m,0,side,0,1,hi,informative,bn,0.65,0.31795513232549033,120
bigscience/bloom-560m,0,side,0,1,hi,informative,en,0.5083333333333333,0.07806320190429687,120
bigscience/bloom-560m,0,side,0,1,hi,informative,hi,0.6166666666666667,0.3192702223857244,120
bigscience/bloom-560m,0,side,0,1,hi,neutral,bn,0.44166666666666665,-0.17555055419603985,120
bigscience/bloom-560m,0,side,0,1,hi,neutral,en,0.5,0.0,120
bigscience/bloom-560m,0,side,0,1,hi,neutral,hi,0.475,-0.03310698767503103,120
bigscience/bloom-560m,0,side,2,1,hi,informative,bn,0.6583333333333333,0.3104354719320933,120
bigscience/bloom-560m,0,side,2,1,hi,informative,en,0.5,0.08147837320963541,120
bigscience/bloom-560m,0,side,2,1,hi,informative,hi,0.6416666666666667,0.3849926749865214,120
bigscience/bloom-560m,0,side,2,1,hi,neutral,bn,0.44166666666666665,-0.18857643604278565,120
bigscience/bloom-560m,0,side,2,1,hi,neutral,en,0.5,0.0,120
bigscience/bloom-560m,0,side,2,1,hi,neutral,hi,0.49166666666666664,-0.0060410648584365845,120
bigscience/bloom-560m,0,side,4,1,hi,informative,bn,0.6583333333333333,0.3164982577164968,120
bigscience/bloom-560m,0,side,4,1,hi,informative,en,0.5083333333333333,0.0809460957845052,120
bigscience/bloom-560m,0,side,4,1,hi,informative,hi,0.5833333333333334,0.20804583728313447,120
bigscience/bloom-560m,0,side,4,1,hi,neutral,bn,0.425,-0.18751012285550436,120
bigscience/bloom-560m,0,side,4,1,hi,neutral,en,0.5,0.0,120
bigscience/bloom-560m,0,side,4,1,hi,neutral,hi,0.43333333333333335,-0.14813359578450522,120
bigscience/bloom-560m,0,side,6,1,hi,informative,bn,0.6666666666666666,0.30057998895645144,120
bigscience/bloom-560m,0,side,6,1,hi,informative,en,0.5083333333333333,0.08539098103841146,120
bigscience/bloom-560m,0,side,6,1,hi,informative,hi,0.6166666666666667,0.35058171649773917,120
bigscience/bloom-560m,0,side,6,1,hi,neutral,bn,0.43333333333333335,-0.18488290309906005,120
bigscience/bloom-560m,0,side,6,1,hi,neutral,en,0.5,0.0,120
bigscience/bloom-560m,0,side,6,1,hi,neutral,hi,0.49166666666666664,-0.0019217987855275473,120
bigscience/bloom-560m,0,side,8,1,hi,informative,bn,0.6833333333333333,0.33198832869529726,120
bigscience/bloom-560m,0,side,8,1,hi,informative,en,0.5083333333333333,0.09114659627278646,120
bigscience/bloom-560m,0,side,8,1,hi,informative,hi,0.6416666666666667,0.48527060747146605,120
bigscience/bloom-560m,0,side,8,1,hi,neutral,bn,0.44166666666666665,-0.1535639504591624,120
bigscience/bloom-560m,0,side,8,1,hi,neutral,en,0.5,0.0,120
bigscience/bloom-560m,0,side,8,1,hi,neutral,hi,0.525,0.055326256155967715,120
bigscience/bloom-560m,0,side,10,1,hi,informative,bn,0.675,0.3102150460084279,120
bigscience/bloom-560m,0,side,10,1,hi,informative,en,0.5083333333333333,0.08103103637695312,120
bigscience/bloom-560m,0,side,10,1,hi,informative,hi,0.6166666666666667,0.39373600780963897,120
bigscience/bloom-560m,0,side,10,1,hi,neutral,bn,0.43333333333333335,-0.1642952561378479,120
bigscience/bloom-560m,0,side,10,1,hi,neutral,en,0.5,0.0,120
bigscience/bloom-560m,0,side,10,1,hi,neutral,hi,0.49166666666666664,0.0025190909703572593,120
bigscience/bloom-560m,0,side,12,1,hi,informative,bn,0.6916666666666667,0.3235677460829417,120
bigscience/bloom-560m,0,side,12,1,hi,informative,en,0.5083333333333333,0.08178227742513021,120
bigscience/bloom-560m,0,side,12,1,hi,informative,hi,0.6166666666666667,0.43395514686902364,120
bigscience/bloom-560m,0,side,12,1,hi,neutral,bn,0.44166666666666665,-0.16399382948875427,120
bigscience/bloom-560m,0,side,12,1,hi,neutral,en,0.5,0.0,120
bigscience/bloom-560m,0,side,12,1,hi,neutral,hi,0.49166666666666664,0.02410192588965098,120
bigscience/bloom-560m,0,side,12,4,hi,informative,bn,0.65,0.29497838020324707,120
bigscience/bloom-560m,0,side,12,4,hi,informative,en,0.5,0.08436381022135417,120
bigscience/bloom-560m,0,side,12,4,hi,informative,hi,0.5833333333333334,0.2811463803052902,120
bigscience/bloom-560m,0,side,12,4,hi,neutral,bn,0.45,-0.16634605924288431,120
bigscience/bloom-560m,0,side,12,4,hi,neutral,en,0.5,0.0,120
bigscience/bloom-560m,0,side,12,4,hi,neutral,hi,0.43333333333333335,-0.07630829513072968,120
bigscience/bloom-560m,0,side,14,1,hi,informative,bn,0.6916666666666667,0.31374648412068684,120
bigscience/bloom-560m,0,side,14,1,hi,informative,en,0.5083333333333333,0.08143107096354167,120
bigscience/bloom-560m,0,side,14,1,hi,informative,hi,0.6166666666666667,0.4323109060525894,120
bigscience/bloom-560m,0,side,14,1,hi,neutral,bn,0.43333333333333335,-0.1754946490128835,120
bigscience/bloom-560m,0,side,14,1,hi,neutral,en,0.5,0.0,120
bigscience/bloom-560m,0,side,14,1,hi,neutral,hi,0.5,0.019587936997413635,120
bigscience/bloom-560m,0,side,16,1,hi,informative,bn,0.675,0.3175296366214752,120
bigscience/bloom-560m,0,side,16,1,hi,informative,en,0.5083333333333333,0.08260142008463542,120
bigscience/bloom-560m,0,side,16,1,hi,informative,hi,0.625,0.4203299909830093,120
bigscience/bloom-560m,0,side,16,1,hi,neutral,bn,0.44166666666666665,-0.17452587485313414,120
bigscience/bloom-560m,0,side,16,1,hi,neutral,en,0.5,0.0,120
bigscience/bloom-560m,0,side,16,1,hi,neutral,hi,0.5,0.009733828902244567,120
bigscience/bloom-560m,0,side,18,1,hi,informative,bn,0.6666666666666666,0.32317879796028137,120
bigscience/bloom-560m,0,side,18,1,hi,informative,en,0.5083333333333333,0.09035975138346354,120
bigscience/bloom-560m,0,side,18,1,hi,informative,hi,0.6416666666666667,0.43781295319398245,120
bigscience/bloom-560m,0,side,18,1,hi,neutral,bn,0.44166666666666665,-0.16617680191993714,120
bigscience/bloom-560m,0,side,18,1,hi,neutral,en,0.5,0.0,120
bigscience/bloom-560m,0,side,18,1,hi,neutral,hi,0.5,0.02266856332619985,120
bigscience/bloom-560m,0,side,20,1,hi,informative,bn,0.6583333333333333,0.31752223571141563,120
bigscience/bloom-560m,0,side,20,1,hi,informative,en,0.5083333333333333,0.08147176106770833,120
bigscience/bloom-560m,0,side,20,1,hi,informative,hi,0.6583333333333333,0.3439183841149012,120
bigscience/bloom-560m,0,side,20,1,hi,neutral,bn,0.45,-0.18052593072255452,120
bigscience/bloom-560m,0,side,20,1,hi,neutral,en,0.5,0.0,120
bigscience/bloom-560m,0,side,20,1,hi,neutral,hi,0.475,-0.03873986303806305,120
bigscience/bloom-560m,0,side,22,1,hi,informative,bn,0.6583333333333333,0.30577059388160704,120
bigscience/bloom-560m,0,side,22,1,hi,informative,en,0.5083333333333333,0.08034642537434895,120
bigscience/bloom-560m,0,side,22,1,hi,informative,hi,0.6166666666666667,0.27543317079544066,120
bigscience/bloom-560m,0,side,22,1,hi,neutral,bn,0.44166666666666665,-0.18747790058453878,120
bigscience/bloom-560m,0,side,22,1,hi,neutral,en,0.5,0.0,120
bigscience/bloom-560m,0,side,22,1,hi,neutral,hi,0.4666666666666667,-0.07434604068597157,120
bigscience/bloom-560m,0,side,0,1,en,informative,bn,0.6833333333333333,0.32009522914886473,120
bigscience/bloom-560m,0,side,0,1,en,informative,en,0.5083333333333333,0.06505584716796875,120
bigscience/bloom-560m,0,side,0,1,en,informative,hi,0.6333333333333333,0.3866166224082311,120
bigscience/bloom-560m,0,side,0,1,en,neutral,bn,0.45,-0.17157300114631652,120
bigscience/bloom-560m,0,side,0,1,en,neutral,en,0.5,0.0,120
bigscience/bloom-560m,0,side,0,1,en,neutral,hi,0.48333333333333334,-0.013524356484413146,120
bigscience/bloom-560m,0,side,2,1,en,informative,bn,0.65,0.32130585312843324,120
bigscience/bloom-560m,0,side,2,1,en,informative,en,0.5,0.05090535481770833,120
bigscience/bloom-560m,0,side,2,1,en,informative,hi,0.6416666666666667,0.3570004602273305,120
bigscience/bloom-560m,0,side,2,1,en,neutral,bn,0.4583333333333333,-0.17412604689598082,120
bigscience/bloom-560m,0,side,2,1,en,neutral,en,0.5,0.0,120
bigscience/bloom-560m,0,side,2,1,en,neutral,hi,0.4666666666666667,-0.03322855532169342,120
bigscience/bloom-560m,0,side,4,1,en,informative,bn,0.65,0.3063106834888458,120
bigscience/bloom-560m,0,side,4,1,en,informative,en,0.5083333333333333,0.06395212809244792,120
bigscience/bloom-560m,0,side,4,1,en,informative,hi,0.6333333333333333,0.33160839676856996,120
bigscience/bloom-560m,0,side,4,1,en,neutral,bn,0.45,-0.1900241275628408,120
bigscience/bloom-560m,0,side,4,1,en,neutral,en,0.5,0.0,120
bigscience/bloom-560m,0,side,4,1,en,neutral,hi,0.4666666666666667,-0.0393582155307134,120
bigscience/bloom-560m,0,side,6,1,en,informative,bn,0.675,0.3117411136627197,120
bigscience/bloom-560m,0,side,6,1,en,informative,en,0.5083333333333333,0.08427836100260416,120
bigscience/bloom-560m,0,side,6,1,en,informative,hi,0.6166666666666667,0.3502550462881724,120
bigscience/bloom-560m,0,side,6,1,en,neutral,bn,0.43333333333333335,-0.19316875735918682,120
bigscience/bloom-560m,0,side,6,1,en,neutral,en,0.5,0.0,120
bigscience/bloom-560m,0,side,6,1,en,neutral,hi,0.49166666666666664,-0.011924856901168823,120
bigscience/bloom-560m,0,side,8,1,en,informative,bn,0.6833333333333333,0.338900633653005,120
bigscience/bloom-560m,0,side,8,1,en,informative,en,0.5083333333333333,0.10114695231119791,120
bigscience/bloom-560m,0,side,8,1,en,informative,hi,0.6083333333333333,0.40402603248755137,120
bigscience/bloom-560m,0,side,8,1,en,neutral,bn,0.4,-0.20042439500490825,120
bigscience/bloom-560m,0,side,8,1,en,neutral,en,0.5,0.0,120
bigscience/bloom-560m,0,side,8,1,en,neutral,hi,0.48333333333333334,0.0030463407437006634,120
bigscience/bloom-560m,0,side,10,1,en,informative,bn,0.6583333333333333,0.3418226579825083,120
bigscience/bloom-560m,0,side,10,1,en,informative,en,0.5083333333333333,0.10916493733723959,120
bigscience/bloom-560m,0,side,10,1,en,informative,hi,0.6166666666666667,0.4056201885143916,120
bigscience/bloom-560m,0,side,10,1,en,neutral,bn,0.425,-0.18031615416208904,120
bigscience/bloom-560m,0,side,10,1,en,neutral,en,0.5,0.0,120
bigscience/bloom-560m,0,side,10,1,en,neutral,hi,0.5083333333333333,0.0026149570941925047,120
bigscience/bloom-560m,0,side,12,1,en,informative,bn,0.6666666666666666,0.3387364427248637,120
bigscience/bloom-560m,0,side,12,1,en,informative,en,0.5083333333333333,0.0971997578938802,120
bigscience/bloom-560m,0,side,12,1,en,informative,hi,0.6333333333333333,0.40616921385129295,120
bigscience/bloom-560m,0,side,12,1,en,neutral,bn,0.425,-0.17486290136973062,120
bigscience/bloom-560m,0,side,12,1,en,neutral,en,0.5,0.0,120
bigscience/bloom-560m,0,side,12,1,en,neutral,hi,0.49166666666666664,-0.010016879439353943,120
bigscience/bloom-560m,0,side,12,4,en,informative,bn,0.7,0.36180222829182945,120
bigscience/bloom-560m,0,side,12,4,en,informative,en,0.5083333333333333,0.05386962890625,120
bigscience/bloom-560m,0,side,12,4,en,informative,hi,0.6166666666666667,0.3398866355419159,120
bigscience/bloom-560m,0,side,12,4,en,neutral,bn,0.4583333333333333,-0.1720887323220571,120
bigscience/bloom-560m,0,side,12,4,en,neutral,en,0.5,0.0,120
bigscience/bloom-560m,0,side,12,4,en,neutral,hi,0.5,0.023075918356577556,120
bigscience/bloom-560m,0,side,14,1,en,informative,bn,0.6583333333333333,0.3383075932661692,120
bigscience/bloom-560m,0,side,14,1,en,informative,en,0.5083333333333333,0.1087371826171875,120
bigscience/bloom-560m,0,side,14,1,en,informative,hi,0.6166666666666667,0.42295176684856417,120
bigscience/bloom-560m,0,side,14,1,en,neutral,bn,0.425,-0.18686793049176534,120
bigscience/bloom-560m,0,side,14,1,en,neutral,en,0.5,0.0,120
bigscience/bloom-560m,0,side,14,1,en,neutral,hi,0.475,-0.002749907970428467,120
bigscience/bloom-560m,0,side,16,1,en,informative,bn,0.675,0.34848946730295816,120
bigscience/bloom-560m,0,side,16,1,en,informative,en,0.525,0.11619313557942708,120
bigscience/bloom-560m,0,side,16,1,en,informative,hi,0.6083333333333333,0.3737865855296453,120
bigscience/bloom-560m,0,side,16,1,en,neutral,bn,0.44166666666666665,-0.17521805167198182,120
bigscience/bloom-560m,0,side,16,1,en,neutral,en,0.5,0.0,120
bigscience/bloom-560m,0,side,16,1,en,neutral,hi,0.475,-0.043454121549924216,120
bigscience/bloom-560m,0,side,18,1,en,informative,bn,0.6583333333333333,0.31075459321339927,120
bigscience/bloom-560m,0,side,18,1,en,informative,en,0.5666666666666667,0.13983561197916666,120
bigscience/bloom-560m,0,side,18,1,en,informative,hi,0.5916666666666667,0.4071015497048696,120
bigscience/bloom-560m,0,side,18,1,en,neutral,bn,0.44166666666666665,-0.16667209068934122,120
bigscience/bloom-560m,0,side,18,1,en,neutral,en,0.5,0.0,120
bigscience/bloom-560m,0,side,18,1,en,neutral,hi,0.48333333333333334,-0.0378643403450648,120
bigscience/bloom-560m,0,side,20,1,en,informative,bn,0.65,0.3162393093109131,120
bigscience/bloom-560m,0,side,20,1,en,informative,en,0.5166666666666667,0.10459518432617188,120
bigscience/bloom-560m,0,side,20,1,en,informative,hi,0.6083333333333333,0.37621797919273375,120
bigscience/bloom-560m,0,side,20,1,en,neutral,bn,0.44166666666666665,-0.1683702290058136,120
bigscience/bloom-560m,0,side,20,1,en,neutral,en,0.5,0.0,120
bigscience/bloom-560m,0,side,20,1,en,neutral,hi,0.475,-0.02790253758430481,120
bigscience/bloom-560m,0,side,22,1,en,informative,bn,0.7,0.3630970855553945,120
bigscience/bloom-560m,0,side,22,1,en,informative,en,0.5083333333333333,0.08707860310872396,120
bigscience/bloom-560m,0,side,22,1,en,informative,hi,0.6166666666666667,0.3458115071058273,120
bigscience/bloom-560m,0,side,22,1,en,neutral,bn,0.44166666666666665,-0.13927569190661113,120
bigscience/bloom-560m,0,side,22,1,en,neutral,en,0.5,0.0,120
bigscience/bloom-560m,0,side,22,1,en,neutral,hi,0.49166666666666664,-0.02931786378224691,120
bigscience/bloom-560m,0,gender,0,1,bn,informative,bn,0.5,0.5972247322400411,120
bigscience/bloom-560m,0,gender,0,1,bn,informative,en,0.9666666666666667,0.5671707153320312,120
bigscience/bloom-560m,0,gender,0,1,bn,informative,hi,0.725,0.44294222990671794,120
bigscience/bloom-560m,0,gender,0,1,bn,neutral,bn,0.5,0.04866749942302704,120
bigscience/bloom-560m,0,gender,0,1,bn,neutral,en,0.8583333333333333,0.5211748758951823,120
bigscience/bloom-560m,0,gender,0,1,bn,neutral,hi,0.55,0.18865285714467367,120
bigscience/bloom-560m,0,gender,2,1,bn,informative,bn,0.5,0.3247044672568639,120
bigscience/bloom-560m,0,gender,2,1,bn,informative,en,0.975,0.5654772440592448,120
bigscience/bloom-560m,0,gender,2,1,bn,informative,hi,0.7166666666666667,0.44676201740900673,120
bigscience/bloom-560m,0,gender,2,1,bn,neutral,bn,0.5,-0.28191997706890104,120
bigscience/bloom-560m,0,gender,2,1,bn,neutral,en,0.85,0.5205497741699219,120
bigscience/bloom-560m,0,gender,2,1,bn,neutral,hi,0.5416666666666666,0.1869139591852824,120
bigscience/bloom-560m,0,gender,4,1,bn,informative,bn,0.5,0.6117855628331502,120
bigscience/bloom-560m,0,gender,4,1,bn,informative,en,0.95,0.5526212056477865,120
bigscience/bloom-560m,0,gender,4,1,bn,informative,hi,0.725,0.4415274898211161,120
bigscience/bloom-560m,0,gender,4,1,bn,neutral,bn,0.5,0.04948609272638957,120
bigscience/bloom-560m,0,gender,4,1,bn,neutral,en,0.85,0.5196667989095052,120
bigscience/bloom-560m,0,gender,4,1,bn,neutral,hi,0.5583333333333333,0.18092728058497112,120
bigscience/bloom-560m,0,gender,6,1,bn,informative,bn,0.5,0.6133381396532058,120
bigscience/bloom-560m,0,gender,6,1,bn,informative,en,0.9666666666666667,0.5737457275390625,120
bigscience/bloom-560m,0,gender,6,1,bn,informative,hi,0.7083333333333334,0.45896958907445273,120
bigscience/bloom-560m,0,gender,6,1,bn,neutral,bn,0.5,0.06417404512564341,120
bigscience/bloom-560m,0,gender,6,1,bn,neutral,en,0.85,0.5280426025390625,120
bigscience/bloom-560m,0,gender,6,1,bn,neutral,hi,0.5416666666666666,0.20426185925801596,120
bigscience/bloom-560m,0,gender,8,1,bn,informative,bn,0.5,0.6402742783228557,120
bigscience/bloom-560m,0,gender,8,1,bn,informative,en,0.9666666666666667,0.5711413065592448,120
bigscience/bloom-560m,0,gender,8,1,bn,informative,hi,0.7,0.4414590795834859,120
bigscience/bloom-560m,0,gender,8,1,bn,neutral,bn,0.5,0.09244264562924703,120
bigscience/bloom-560m,0,gender,8,1,bn,neutral,en,0.8583333333333333,0.5228467305501302,120
bigscience/bloom-560m,0,gender,8,1,bn,neutral,hi,0.5333333333333333,0.1901126027107239,120
bigscience/bloom-560m,0,gender,10,1,bn,informative,bn,0.5,0.6221850077311198,120
bigscience/bloom-560m,0,gender,10,1,bn,informative,en,0.9833333333333333,0.5981310526529948,120
bigscience/bloom-560m,0,gender,10,1,bn,informative,hi,0.7,0.4351180831591288,120
bigscience/bloom-560m,0,gender,10,1,bn,neutral,bn,0.5,0.08012987573941549,120
bigscience/bloom-560m,0,gender,10,1,bn,neutral,en,0.8666666666666667,0.5475087483723958,120
bigscience/bloom-560m,0,gender,10,1,bn,neutral,hi,0.5333333333333333,0.18436746597290038,120
bigscience/bloom-560m,0,gender,12,1,bn,informative,bn,0.5,0.518156177798907,120
bigscience/bloom-560m,0,gender,12,1,bn,informative,en,0.9833333333333333,0.589160410563151,120
bigscience/bloom-560m,0,gender,12,1,bn,informative,hi,0.6666666666666666,0.44314183394114176,120
bigscience/bloom-560m,0,gender,12,1,bn,neutral,bn,0.5,0.017266674836476644,120
bigscience/bloom-560m,0,gender,12,1,bn,neutral,en,0.85,0.5290606180826823,120
bigscience/bloom-560m,0,gender,12,1,bn,neutral,hi,0.5333333333333333,0.17841452757517498,120
bigscience/bloom-560m,0,gender,12,4,bn,informative,bn,0.5,0.5805676986773809,120
bigscience/bloom-560m,0,gender,12,4,bn,informative,en,0.9166666666666666,0.5680152893066406,120
bigscience/bloom-560m,0,gender,12,4,bn,informative,hi,0.675,0.440721333026886,120
bigscience/bloom-560m,0,gender,12,4,bn,neutral,bn,0.5,0.08111012279987335,120
bigscience/bloom-560m,0,gender,12,4,bn,neutral,en,0.8666666666666667,0.5177619934082032,120
bigscience/bloom-560m,0,gender,12,4,bn,neutral,hi,0.5333333333333333,0.1864752213160197,120
bigscience/bloom-560m,0,gender,14,1,bn,informative,bn,0.5,0.5716919442017873,120
bigscience/bloom-560m,0,gender,14,1,bn,informative,en,0.95,0.5704480489095052,120
bigscience/bloom-560m,0,gender,14,1,bn,informative,hi,0.7083333333333334,0.3964187979698181,120
bigscience/bloom-560m,0,gender,14,1,bn,neutral,bn,0.5,0.07480144004027049,120
bigscience/bloom-560m,0,gender,14,1,bn,neutral,en,0.85,0.513391621907552,120
bigscience/bloom-560m,0,gender,14,1,bn,neutral,hi,0.5333333333333333,0.16171201467514038,120
bigscience/bloom-560m,0,gender,16,1,bn,informative,bn,0.5,0.630385301510493,120
bigscience/bloom-560m,0,gender,16,1,bn,informative,en,0.9583333333333334,0.5805836995442708,120
bigscience/bloom-560m,0,gender,16,1,bn,informative,hi,0.725,0.4542418599128723,120
bigscience/bloom-560m,0,gender,16,1,bn,neutral,bn,0.5,0.05089425146579742,120
bigscience/bloom-560m,0,gender,16,1,bn,neutral,en,0.8916666666666667,0.5318850199381511,120
bigscience/bloom-560m,0,gender,16,1,bn,neutral,hi,0.55,0.18458027839660646,120
bigscience/bloom-560m,0,gender,18,1,bn,informative,bn,0.5,0.63648781478405,120
bigscience/bloom-560m,0,gender,18,1,bn,informative,en,0.95,0.6106781005859375,120
bigscience/bloom-560m,0,gender,18,1,bn,informative,hi,0.725,0.5146159966786702,120
bigscience/bloom-560m,0,gender,18,1,bn,neutral,bn,0.5,0.009165911873181661,120
bigscience/bloom-560m,0,gender,18,1,bn,neutral,en,0.9166666666666666,0.5755205790201823,120
bigscience/bloom-560m,0,gender,18,1,bn,neutral,hi,0.5833333333333334,0.22439011335372924,120
bigscience/bloom-560m,0,gender,20,1,bn,informative,bn,0.5,0.5677028546730677,120
bigscience/bloom-560m,0,gender,20,1,bn,informative,en,0.9666666666666667,0.533660888671875,120
bigscience/bloom-560m,0,gender,20,1,bn,informative,hi,0.7166666666666667,0.4542781988779704,120
bigscience/bloom-560m,0,gender,20,1,bn,neutral,bn,0.5,0.027461500962575276,120
bigscience/bloom-560m,0,gender,20,1,bn,neutral,en,0.8666666666666667,0.4915929158528646,120
bigscience/bloom-560m,0,gender,20,1,bn,neutral,hi,0.575,0.20145335992177327,120
bigscience/bloom-560m,0,gender,22,1,bn,informative,bn,0.5,0.5496072739362716,120
bigscience/bloom-560m,0,gender,22,1,bn,informative,en,0.9583333333333334,0.553290049235026,120
bigscience/bloom-560m,0,gender,22,1,bn,informative,hi,0.7333333333333333,0.41574933926264446,120
bigscience/bloom-560m,0,gender,22,1,bn,neutral,bn,0.5,0.015104435880978902,120
bigscience/bloom-560m,0,gender,22,1,bn,neutral,en,0.85,0.5092035929361979,120
bigscience/bloom-560m,0,gender,22,1,bn,neutral,hi,0.5666666666666667,0.15958311955134075,120
bigscience/bloom-560m,0,gender,0,1,hi,informative,bn,0.5,0.5680221736431121,120
bigscience/bloom-560m,0,gender,0,1,hi,informative,en,0.95,0.5575525919596355,120
bigscience/bloom-560m,0,gender,0,1,hi,informative,hi,0.7166666666666667,0.4345542589823405,120
bigscience/bloom-560m,0,gender,0,1,hi,neutral,bn,0.5,0.03337174654006958,120
bigscience/bloom-560m,0,gender,0,1,hi,neutral,en,0.85,0.5191624959309896,120
bigscience/bloom-560m,0,gender,0,1,hi,neutral,hi,0.5416666666666666,0.18004364172617596,120
bigscience/bloom-560m,0,gender,2,1,hi,informative,bn,0.5,0.5781127423048019,120
bigscience/bloom-560m,0,gender,2,1,hi,informative,en,0.9666666666666667,0.5613693237304688,120
bigscience/bloom-560m,0,gender,2,1,hi,informative,hi,0.725,0.46958752075831095,120
bigscience/bloom-560m,0,gender,2,1,hi,neutral,bn,0.5,0.03768899937470754,120
bigscience/bloom-560m,0,gender,2,1,hi,neutral,en,0.8583333333333333,0.5191782633463542,120
bigscience/bloom-560m,0,gender,2,1,hi,neutral,hi,0.5583333333333333,0.20896034638086955,120
bigscience/bloom-560m,0,gender,4,1,hi,informative,bn,0.5,0.5844652950763702,120
bigscience/bloom-560m,0,gender,4,1,hi,informative,en,0.9666666666666667,0.5586321512858073,120
bigscience/bloom-560m,0,gender,4,1,hi,informative,hi,0.7166666666666667,0.4394673625628153,120
bigscience/bloom-560m,0,gender,4,1,hi,neutral,bn,0.5,0.04429182509581248,120
bigscience/bloom-560m,0,gender,4,1,hi,neutral,en,0.85,0.516521962483724,120
bigscience/bloom-560m,0,gender,4,1,hi,neutral,hi,0.5416666666666666,0.17775336106618245,120
bigscience/bloom-560m,0,gender,6,1,hi,informative,bn,0.5,0.5893034944931667,120
bigscience/bloom-560m,0,gender,6,1,hi,informative,en,0.9666666666666667,0.5600975036621094,120
bigscience/bloom-560m,0,gender,6,1,hi,informative,hi,0.7083333333333334,0.42257808446884154,120
bigscience/bloom-560m,0,gender,6,1,hi,neutral,bn,0.5,0.04299782911936442,120
bigscience/bloom-560m,0,gender,6,1,hi,neutral,en,0.85,0.5180310567220052,120
bigscience/bloom-560m,0,gender,6,1,hi,neutral,hi,0.55,0.16612962484359742,120
bigscience/bloom-560m,0,gender,8,1,hi,informative,bn,0.5,0.5875837018092473,120
bigscience/bloom-560m,0,gender,8,1,hi,informative,en,0.9833333333333333,0.5641952514648437,120
bigscience/bloom-560m,0,gender,8,1,hi,informative,hi,0.7083333333333334,0.4469048500061035,120
bigscience/bloom-560m,0,gender,8,1,hi,neutral,bn,0.5,0.04349087675412496,120
bigscience/bloom-560m,0,gender,8,1,hi,neutral,en,0.8583333333333333,0.518658447265625,120
bigscience/bloom-560m,0,gender,8,1,hi,neutral,hi,0.55,0.18665775855382283,120
bigscience/bloom-560m,0,gender,10,1,hi,informative,bn,0.5,0.5954981317122777,120
bigscience/bloom-560m,0,gender,10,1,hi,informative,en,0.9833333333333333,0.5670804341634115,120
bigscience/bloom-560m,0,gender,10,1,hi,informative,hi,0.7083333333333334,0.4272332231203715,120
bigscience/bloom-560m,0,gender,10,1,hi,neutral,bn,0.5,0.05182941655317942,120
bigscience/bloom-560m,0,gender,10,1,hi,neutral,en,0.85,0.5178698221842448,120
bigscience/bloom-560m,0,gender,10,1,hi,neutral,hi,0.5416666666666666,0.16629703442255656,120
bigscience/bloom-560m,0,gender,12,1,hi,informative,bn,0.5,0.565128309528033,120
bigscience/bloom-560m,0,gender,12,1,hi,informative,en,0.9583333333333334,0.5624443054199219,120
bigscience/bloom-560m,0,gender,12,1,hi,informative,hi,0.7083333333333334,0.4102088292439779,120
bigscience/bloom-560m,0,gender,12,1,hi,neutral,bn,0.5,0.04493590493996938,120
bigscience/bloom-560m,0,gender,12,1,hi,neutral,en,0.875,0.5186559041341146,120
bigscience/bloom-560m,0,gender,12,1,hi,neutral,hi,0.5333333333333333,0.15552008946736653,120
bigscience/bloom-560m,0,gender,12,4,hi,informative,bn,0.5,0.5714927941560746,120
bigscience/bloom-560m,0,gender,12,4,hi,informative,en,0.9666666666666667,0.523388671875,120
bigscience/bloom-560m,0,gender,12,4,hi,informative,hi,0.6333333333333333,0.3381470799446106,120
bigscience/bloom-560m,0,gender,12,4,hi,neutral,bn,0.5,0.04732682208220164,120
bigscience/bloom-560m,0,gender,12,4,hi,neutral,en,0.8583333333333333,0.4813908894856771,120
bigscience/bloom-560m,0,gender,12,4,hi,neutral,hi,0.5166666666666667,0.10617224375406902,120
bigscience/bloom-560m,0,gender,14,1,hi,informative,bn,0.5,0.5795097907384237,120
bigscience/bloom-560m,0,gender,14,1,hi,informative,en,0.9416666666666667,0.5556605021158855,120
bigscience/bloom-560m,0,gender,14,1,hi,informative,hi,0.725,0.44352993567784627,120
bigscience/bloom-560m,0,gender,14,1,hi,neutral,bn,0.5,0.05829518735408783,120
bigscience/bloom-560m,0,gender,14,1,hi,neutral,en,0.8583333333333333,0.5082735697428385,120
bigscience/bloom-560m,0,gender,14,1,hi,neutral,hi,0.55,0.19365452925364177,120
bigscience/bloom-560m,0,gender,16,1,hi,informative,bn,0.5,0.5692881017923355,120
bigscience/bloom-560m,0,gender,16,1,hi,informative,en,0.95,0.537359110514323,120
bigscience/bloom-560m,0,gender,16,1,hi,informative,hi,0.675,0.3925585110982259,120
bigscience/bloom-560m,0,gender,16,1,hi,neutral,bn,0.5,0.03752080102761587,120
bigscience/bloom-560m,0,gender,16,1,hi,neutral,en,0.8583333333333333,0.4964703877766927,120
bigscience/bloom-560m,0,gender,16,1,hi,neutral,hi,0.5333333333333333,0.13957579135894777,120
bigscience/bloom-560m,0,gender,18,1,hi,informative,bn,0.5,0.5663355509440104,120
bigscience/bloom-560m,0,gender,18,1,hi,informative,en,0.9166666666666666,0.5094866434733073,120
bigscience/bloom-560m,0,gender,18,1,hi,informative,hi,0.575,0.3309670646985372,120
bigscience/bloom-560m,0,gender,18,1,hi,neutral,bn,0.5,0.0494222491979599,120
bigscience/bloom-560m,0,gender,18,1,hi,neutral,en,0.8833333333333333,0.4537267049153646,120
bigscience/bloom-560m,0,gender,18,1,hi,neutral,hi,0.5,0.0788341204325358,120
bigscience/bloom-560m,0,gender,20,1,hi,informative,bn,0.5,0.5892964680989583,120
bigscience/bloom-560m,0,gender,20,1,hi,informative,en,0.9083333333333333,0.49374059041341145,120
bigscience/bloom-560m,0,gender,20,1,hi,informative,hi,0.5583333333333333,0.2834072788556417,120
bigscience/bloom-560m,0,gender,20,1,hi,neutral,bn,0.5,0.04681389629840851,120
bigscience/bloom-560m,0,gender,20,1,hi,neutral,en,0.825,0.45676930745442706,120
bigscience/bloom-560m,0,gender,20,1,hi,neutral,hi,0.5,0.027558290958404542,120
bigscience/bloom-560m,0,gender,22,1,hi,informative,bn,0.5,0.5812886794408162,120
bigscience/bloom-560m,0,gender,22,1,hi,informative,en,0.95,0.4980751037597656,120
bigscience/bloom-560m,0,gender,22,1,hi,informative,hi,0.6583333333333333,0.35545721848805745,120
bigscience/bloom-560m,0,gender,22,1,hi,neutral,bn,0.5,0.04294275045394898,120
bigscience/bloom-560m,0,gender,22,1,hi,neutral,en,0.8583333333333333,0.45793050130208335,120
bigscience/bloom-560m,0,gender,22,1,hi,neutral,hi,0.525,0.10191949208577473,120
bigscience/bloom-560m,0,gender,0,1,en,informative,bn,0.5,0.5850571493307749,120
bigscience/bloom-560m,0,gender,0,1,en,informative,en,0.9333333333333333,0.5439689636230469,120
bigscience/bloom-560m,0,gender,0,1,en,informative,hi,0.725,0.4295539657274882,120
bigscience/bloom-560m,0,gender,0,1,en,neutral,bn,0.5,0.05177848438421885,120
bigscience/bloom-560m,0,gender,0,1,en,neutral,en,0.8416666666666667,0.5095726013183594,120
bigscience/bloom-560m,0,gender,0,1,en,neutral,hi,0.55,0.17887469132741293,120
bigscience/bloom-560m,0,gender,2,1,en,informative,bn,0.5,0.5783419569333395,120
bigscience/bloom-560m,0,gender,2,1,en,informative,en,0.9666666666666667,0.568646494547526,120
bigscience/bloom-560m,0,gender,2,1,en,informative,hi,0.725,0.46104861895243326,120
bigscience/bloom-560m,0,gender,2,1,en,neutral,bn,0.5,0.03287793298562368,120
bigscience/bloom-560m,0,gender,2,1,en,neutral,en,0.8416666666666667,0.5049423217773438,120
bigscience/bloom-560m,0,gender,2,1,en,neutral,hi,0.5583333333333333,0.1968737204869588,120
bigscience/bloom-560m,0,gender,4,1,en,informative,bn,0.5,0.5897991587718328,120
bigscience/bloom-560m,0,gender,4,1,en,informative,en,0.9583333333333334,0.580792490641276,120
bigscience/bloom-560m,0,gender,4,1,en,informative,hi,0.725,0.45462456544240315,120
bigscience/bloom-560m,0,gender,4,1,en,neutral,bn,0.5,0.04476498365402222,120
bigscience/bloom-560m,0,gender,4,1,en,neutral,en,0.85,0.5328206380208333,120
bigscience/bloom-560m,0,gender,4,1,en,neutral,hi,0.5416666666666666,0.1881448785463969,120
bigscience/bloom-560m,0,gender,6,1,en,informative,bn,0.5,0.5759496629238129,120
bigscience/bloom-560m,0,gender,6,1,en,informative,en,0.9,0.5265846252441406,120
bigscience/bloom-560m,0,gender,6,1,en,informative,hi,0.725,0.45068260431289675,120
bigscience/bloom-560m,0,gender,6,1,en,neutral,bn,0.5,0.04796925286451976,120
bigscience/bloom-560m,0,gender,6,1,en,neutral,en,0.8416666666666667,0.4719744364420573,120
bigscience/bloom-560m,0,gender,6,1,en,neutral,hi,0.55,0.1881709893544515,120
bigscience/bloom-560m,0,gender,8,1,en,informative,bn,0.5,0.580174078543981,120
bigscience/bloom-560m,0,gender,8,1,en,informative,en,0.9083333333333333,0.5029307047526042,120
bigscience/bloom-560m,0,gender,8,1,en,informative,hi,0.725,0.4513274987538656,120
bigscience/bloom-560m,0,gender,8,1,en,neutral,bn,0.5,0.05054672062397003,120
bigscience/bloom-560m,0,gender,8,1,en,neutral,en,0.8416666666666667,0.4567469278971354,120
bigscience/bloom-560m,0,gender,8,1,en,neutral,hi,0.55,0.18861900568008422,120
bigscience/bloom-560m,0,gender,10,1,en,informative,bn,0.5,0.5670956969261169,120
bigscience/bloom-560m,0,gender,10,1,en,informative,en,0.9416666666666667,0.4894859313964844,120
bigscience/bloom-560m,0,gender,10,1,en,informative,hi,0.725,0.41349062124888103,120
bigscience/bloom-560m,0,gender,10,1,en,neutral,bn,0.5,0.04776487549146016,120
bigscience/bloom-560m,0,gender,10,1,en,neutral,en,0.8416666666666667,0.4511884053548177,120
bigscience/bloom-560m,0,gender,10,1,en,neutral,hi,0.55,0.15967441002527874,120
bigscience/bloom-560m,0,gender,12,1,en,informative,bn,0.5,0.5805119862159093,120
bigscience/bloom-560m,0,gender,12,1,en,informative,en,0.9166666666666666,0.5105918884277344,120
bigscience/bloom-560m,0,gender,12,1,en,informative,hi,0.7166666666666667,0.39125957489013674,120
bigscience/bloom-560m,0,gender,12,1,en,neutral,bn,0.5,0.03903356393178304,120
bigscience/bloom-560m,0,gender,12,1,en,neutral,en,0.8416666666666667,0.48296661376953126,120
bigscience/bloom-560m,0,gender,12,1,en,neutral,hi,0.55,0.15868284304936728,120
bigscience/bloom-560m,0,gender,12,4,en,informative,bn,0.5,0.609198518594106,120
bigscience/bloom-560m,0,gender,12,4,en,informative,en,0.75,0.3055010477701823,120
bigscience/bloom-560m,0,gender,12,4,en,informative,hi,0.7083333333333334,0.3705072283744812,120
bigscience/bloom-560m,0,gender,12,4,en,neutral,bn,0.5,0.07863175471623739,120
bigscience/bloom-560m,0,gender,12,4,en,neutral,en,0.8,0.3055157979329427,120
bigscience/bloom-560m,0,gender,12,4,en,neutral,hi,0.55,0.14362109899520875,120
bigscience/bloom-560m,0,gender,14,1,en,informative,bn,0.5,0.5836781064669291,120
bigscience/bloom-560m,0,gender,14,1,en,informative,en,0.95,0.5446070353190104,120
bigscience/bloom-560m,0,gender,14,1,en,informative,hi,0.7416666666666667,0.42235586245854695,120
bigscience/bloom-560m,0,gender,14,1,en,neutral,bn,0.5,0.050443474451700845,120
bigscience/bloom-560m,0,gender,14,1,en,neutral,en,0.8583333333333333,0.5220837910970052,120
bigscience/bloom-560m,0,gender,14,1,en,neutral,hi,0.5833333333333334,0.1811027447382609,120
bigscience/bloom-560m,0,gender,16,1,en,informative,bn,0.5,0.5827804108460745,120
bigscience/bloom-560m,0,gender,16,1,en,informative,en,0.95,0.554022471110026,120
bigscience/bloom-560m,0,gender,16,1,en,informative,hi,0.7416666666666667,0.46153167883555096,120
bigscience/bloom-560m,0,gender,16,1,en,neutral,bn,0.5,0.05178468028704326,120
bigscience/bloom-560m,0,gender,16,1,en,neutral,en,0.85,0.5217081705729166,120
bigscience/bloom-560m,0,gender,16,1,en,neutral,hi,0.575,0.1948872685432434,120
bigscience/bloom-560m,0,gender,18,1,en,informative,bn,0.5,0.5427498837312063,120
bigscience/bloom-560m,0,gender,18,1,en,informative,en,0.9,0.4957310994466146,120
bigscience/bloom-560m,0,gender,18,1,en,informative,hi,0.7416666666666667,0.4265089948972066,120
bigscience/bloom-560m,0,gender,18,1,en,neutral,bn,0.5,0.030911874771118165,120
bigscience/bloom-560m,0,gender,18,1,en,neutral,en,0.8166666666666667,0.4564048767089844,120
bigscience/bloom-560m,0,gender,18,1,en,neutral,hi,0.575,0.16796013911565144,120
bigscience/bloom-560m,0,gender,20,1,en,informative,bn,0.5,0.5350001434485118,120
bigscience/bloom-560m,0,gender,20,1,en,informative,en,0.9583333333333334,0.4863311767578125,120
bigscience/bloom-560m,0,gender,20,1,en,informative,hi,0.6666666666666666,0.37598111629486086,120
bigscience/bloom-560m,0,gender,20,1,en,neutral,bn,0.5,0.0289374977350235,120
bigscience/bloom-560m,0,gender,20,1,en,neutral,en,0.875,0.45524698893229165,120
bigscience/bloom-560m,0,gender,20,1,en,neutral,hi,0.525,0.11067617336908976,120
bigscience/bloom-560m,0,gender,22,1,en,informative,bn,0.5,0.5639137506484986,120
bigscience/bloom-560m,0,gender,22,1,en,informative,en,0.9666666666666667,0.4441703796386719,120
bigscience/bloom-560m,0,gender,22,1,en,informative,hi,0.6666666666666666,0.3773954391479492,120
bigscience/bloom-560m,0,gender,22,1,en,neutral,bn,0.5,0.03234136998653412,120
bigscience/bloom-560m,0,gender,22,1,en,neutral,en,0.8666666666666667,0.4094731648763021,120
bigscience/bloom-560m,0,gender,22,1,en,neutral,hi,0.525,0.1252888242403666,120
bigscience/bloom-560m,0,side,0,1,random,informative,bn,0.6583333333333333,0.31631035010019937,120
bigscience/bloom-560m,0,side,0,1,random,informative,en,0.5083333333333333,0.07940139770507812,120
bigscience/bloom-560m,0,side,0,1,random,informative,hi,0.6166666666666667,0.34474214116732277,120
bigscience/bloom-560m,0,side,0,1,random,neutral,bn,0.44166666666666665,-0.17834757566452025,120
bigscience/bloom-560m,0,side,0,1,random,neutral,en,0.5,0.0,120
bigscience/bloom-560m,0,side,0,1,random,neutral,hi,0.49166666666666664,-0.0279915452003479,120
bigscience/bloom-560m,0,gender,0,1,random,informative,bn,0.5,0.5901785095532736,120
bigscience/bloom-560m,0,gender,0,1,random,informative,en,0.9666666666666667,0.560406239827474,120
bigscience/bloom-560m,0,gender,0,1,random,informative,hi,0.725,0.44676462809244794,120
bigscience/bloom-560m,0,gender,0,1,random,neutral,bn,0.5,0.057591237624486286,120
bigscience/bloom-560m,0,gender,0,1,random,neutral,en,0.85,0.5176381429036458,120
bigscience/bloom-560m,0,gender,0,1,random,neutral,hi,0.5416666666666666,0.18806179761886596,120
bigscience/bloom-560m,0,side,2,1,random,informative,bn,0.6666666666666666,0.324284557501475,120
bigscience/bloom-560m,0,side,2,1,random,informative,en,0.5083333333333333,0.08084462483723959,120
bigscience/bloom-560m,0,side,2,1,random,informative,hi,0.625,0.3482864320278168,120
bigscience/bloom-560m,0,side,2,1,random,neutral,bn,0.43333333333333335,-0.1786844849586487,120
bigscience/bloom-560m,0,side,2,1,random,neutral,en,0.5,0.0,120
bigscience/bloom-560m,0,side,2,1,random,neutral,hi,0.48333333333333334,-0.02248040239016215,120
bigscience/bloom-560m,0,gender,2,1,random,informative,bn,0.5,0.5728703449169795,120
bigscience/bloom-560m,0,gender,2,1,random,informative,en,0.9666666666666667,0.5548685709635417,120
bigscience/bloom-560m,0,gender,2,1,random,informative,hi,0.7166666666666667,0.44635605017344154,120
bigscience/bloom-560m,0,gender,2,1,random,neutral,bn,0.5,0.0429540624221166,120
bigscience/bloom-560m,0,gender,2,1,random,neutral,en,0.85,0.5148470560709636,120
bigscience/bloom-560m,0,gender,2,1,random,neutral,hi,0.5416666666666666,0.1902508854866028,120
bigscience/bloom-560m,0,side,4,1,random,informative,bn,0.6666666666666666,0.3233407537142436,120
bigscience/bloom-560m,0,side,4,1,random,informative,en,0.5083333333333333,0.08022867838541667,120
bigscience/bloom-560m,0,side,4,1,random,informative,hi,0.6166666666666667,0.3470315506060918,120
bigscience/bloom-560m,0,side,4,1,random,neutral,bn,0.43333333333333335,-0.18068353732426962,120
bigscience/bloom-560m,0,side,4,1,random,neutral,en,0.5,0.0,120
bigscience/bloom-560m,0,side,4,1,random,neutral,hi,0.49166666666666664,-0.026141809423764546,120
bigscience/bloom-560m,0,gender,4,1,random,informative,bn,0.5,0.5838602801163991,120
bigscience/bloom-560m,0,gender,4,1,random,informative,en,0.9666666666666667,0.5605036417643229,120
bigscience/bloom-560m,0,gender,4,1,random,informative,hi,0.725,0.44746536016464233,120
bigscience/bloom-560m,0,gender,4,1,random,neutral,bn,0.5,0.04564630091190338,120
bigscience/bloom-560m,0,gender,4,1,random,neutral,en,0.8583333333333333,0.5178883870442709,120
bigscience/bloom-560m,0,gender,4,1,random,neutral,hi,0.55,0.19085269371668498,120
bigscience/bloom-560m,0,side,6,1,random,informative,bn,0.6916666666666667,0.312773064772288,120
bigscience/bloom-560m,0,side,6,1,random,informative,en,0.5083333333333333,0.08101908365885417,120
bigscience/bloom-560m,0,side,6,1,random,informative,hi,0.6333333333333333,0.3623484740654627,120
bigscience/bloom-560m,0,side,6,1,random,neutral,bn,0.44166666666666665,-0.17831762035687765,120
bigscience/bloom-560m,0,side,6,1,random,neutral,en,0.5,0.0,120
bigscience/bloom-560m,0,side,6,1,random,neutral,hi,0.48333333333333334,-0.020735705892244976,120
bigscience/bloom-560m,0,gender,6,1,random,informative,bn,0.5,0.5865616043408711,120
bigscience/bloom-560m,0,gender,6,1,random,informative,en,0.9666666666666667,0.567987569173177,120
bigscience/bloom-560m,0,gender,6,1,random,informative,hi,0.725,0.4430465579032898,120
bigscience/bloom-560m,0,gender,6,1,random,neutral,bn,0.5,0.044835848609606425,120
bigscience/bloom-560m,0,gender,6,1,random,neutral,en,0.85,0.5218246459960938,120
bigscience/bloom-560m,0,gender,6,1,random,neutral,hi,0.5416666666666666,0.18856876293818156,120
bigscience/bloom-560m,0,side,8,1,random,informative,bn,0.7,0.32547133962313335,120
bigscience/bloom-560m,0,side,8,1,random,informative,en,0.5083333333333333,0.07556076049804687,120
bigscience/bloom-560m,0,side,8,1,random,informative,hi,0.6166666666666667,0.35998641153176625,120
bigscience/bloom-560m,0,side,8,1,random,neutral,bn,0.44166666666666665,-0.16012170712153118,120
bigscience/bloom-560m,0,side,8,1,random,neutral,en,0.5,0.0,120
bigscience/bloom-560m,0,side,8,1,random,neutral,hi,0.49166666666666664,-0.01178079644838969,120
bigscience/bloom-560m,0,gender,8,1,random,informative,bn,0.5,0.5800697008768717,120
bigscience/bloom-560m,0,gender,8,1,random,informative,en,0.9583333333333334,0.5569203694661459,120
bigscience/bloom-560m,0,gender,8,1,random,informative,hi,0.725,0.43886253039042156,120
bigscience/bloom-560m,0,gender,8,1,random,neutral,bn,0.5,0.045701520641644795,120
bigscience/bloom-560m,0,gender,8,1,random,neutral,en,0.85,0.5128804524739583,120
bigscience/bloom-560m,0,gender,8,1,random,neutral,hi,0.55,0.1824558138847351,120
bigscience/bloom-560m,0,side,10,1,random,informative,bn,0.6666666666666666,0.33325227300326027,120
bigscience/bloom-560m,0,side,10,1,random,informative,en,0.5083333333333333,0.08463338216145834,120
bigscience/bloom-560m,0,side,10,1,random,informative,hi,0.6166666666666667,0.34549848139286043,120
bigscience/bloom-560m,0,side,10,1,random,neutral,bn,0.44166666666666665,-0.17796504100163776,120
bigscience/bloom-560m,0,side,10,1,random,neutral,en,0.5,0.0,120
bigscience/bloom-560m,0,side,10,1,random,neutral,hi,0.49166666666666664,-0.028626894950866698,120
bigscience/bloom-560m,0,gender,10,1,random,informative,bn,0.5,0.5877210060755412,120
bigscience/bloom-560m,0,gender,10,1,random,informative,en,0.9833333333333333,0.5688026428222657,120
bigscience/bloom-560m,0,gender,10,1,random,informative,hi,0.7083333333333334,0.44634774525960286,120
bigscience/bloom-560m,0,gender,10,1,random,neutral,bn,0.5,0.04991832176844279,120
bigscience/bloom-560m,0,gender,10,1,random,neutral,en,0.8583333333333333,0.5257197062174479,120
bigscience/bloom-560m,0,gender,10,1,random,neutral,hi,0.5416666666666666,0.1955973545710246,120
bigscience/bloom-560m,0,side,12,1,random,informative,bn,0.675,0.3113871216773987,120
bigscience/bloom-560m,0,side,12,1,random,informative,en,0.5083333333333333,0.08021341959635417,120
bigscience/bloom-560m,0,side,12,1,random,informative,hi,0.625,0.34750578105449675,120
bigscience/bloom-560m,0,side,12,1,random,neutral,bn,0.43333333333333335,-0.18108192483584087,120
bigscience/bloom-560m,0,side,12,1,random,neutral,en,0.5,0.0,120
bigscience/bloom-560m,0,side,12,1,random,neutral,hi,0.48333333333333334,-0.02437137762705485,120
bigscience/bloom-560m,0,gender,12,1,random,informative,bn,0.5,0.593734743197759,120
bigscience/bloom-560m,0,gender,12,1,random,informative,en,0.95,0.5536834716796875,120
bigscience/bloom-560m,0,gender,12,1,random,informative,hi,0.7166666666666667,0.4426045576731364,120
bigscience/bloom-560m,0,gender,12,1,random,neutral,bn,0.5,0.047404221693674725,120
bigscience/bloom-560m,0,gender,12,1,random,neutral,en,0.85,0.5100026448567708,120
bigscience/bloom-560m,0,gender,12,1,random,neutral,hi,0.5416666666666666,0.18726444641749065,120
bigscience/bloom-560m,0,side,12,4,random,informative,bn,0.6666666666666666,0.321784375111262,120
bigscience/bloom-560m,0,side,12,4,random,informative,en,0.5083333333333333,0.08471323649088541,120
bigscience/bloom-560m,0,side,12,4,random,informative,hi,0.6166666666666667,0.3649620999892553,120
bigscience/bloom-560m,0,side,12,4,random,neutral,bn,0.45,-0.1660426159699758,120
bigscience/bloom-560m,0,side,12,4,random,neutral,en,0.5,-2.5431315104166666e-07,120
bigscience/bloom-560m,0,side,12,4,random,neutral,hi,0.475,-0.019248018662134807,120
bigscience/bloom-560m,0,gender,12,4,random,informative,bn,0.5,0.5906309028466542,120
bigscience/bloom-560m,0,gender,12,4,random,informative,en,0.9666666666666667,0.5540451049804688,120
bigscience/bloom-560m,0,gender,12,4,random,informative,hi,0.725,0.4518070101737976,120
bigscience/bloom-560m,0,gender,12,4,random,neutral,bn,0.5,0.04557090699672699,120
bigscience/bloom-560m,0,gender,12,4,random,neutral,en,0.8583333333333333,0.5022694905598958,120
bigscience/bloom-560m,0,gender,12,4,random,neutral,hi,0.55,0.18221323092778524,120
bigscience/bloom-560m,0,side,14,1,random,informative,bn,0.6666666666666666,0.32237067421277366,120
bigscience/bloom-560m,0,side,14,1,random,informative,en,0.5083333333333333,0.07993240356445312,120
bigscience/bloom-560m,0,side,14,1,random,informative,hi,0.6166666666666667,0.3414246032635371,120
bigscience/bloom-560m,0,side,14,1,random,neutral,bn,0.43333333333333335,-0.18187068502108256,120
bigscience/bloom-560m,0,side,14,1,random,neutral,en,0.5,0.0,120
bigscience/bloom-560m,0,side,14,1,random,neutral,hi,0.48333333333333334,-0.03461780349413554,120
bigscience/bloom-560m,0,gender,14,1,random,informative,bn,0.5,0.5886697183052699,120
bigscience/bloom-560m,0,gender,14,1,random,informative,en,0.975,0.555890146891276,120
bigscience/bloom-560m,0,gender,14,1,random,informative,hi,0.7083333333333334,0.4468412677447001,120
bigscience/bloom-560m,0,gender,14,1,random,neutral,bn,0.5,0.04496383170286814,120
bigscience/bloom-560m,0,gender,14,1,random,neutral,en,0.85,0.5098060607910156,120
bigscience/bloom-560m,0,gender,14,1,random,neutral,hi,0.55,0.18943814833958944,120
bigscience/bloom-560m,0,side,16,1,random,informative,bn,0.65,0.3248045384883881,120
bigscience/bloom-560m,0,side,16,1,random,informative,en,0.5083333333333333,0.08446858723958334,120
bigscience/bloom-560m,0,side,16,1,random,informative,hi,0.6166666666666667,0.35603168507417043,120
bigscience/bloom-560m,0,side,16,1,random,neutral,bn,0.44166666666666665,-0.1736592988173167,120
bigscience/bloom-560m,0,side,16,1,random,neutral,en,0.5,0.0,120
bigscience/bloom-560m,0,side,16,1,random,neutral,hi,0.48333333333333334,-0.027570452292760214,120
bigscience/bloom-560m,0,gender,16,1,random,informative,bn,0.5,0.587816470861435,120
bigscience/bloom-560m,0,gender,16,1,random,informative,en,0.9666666666666667,0.5648284912109375,120
bigscience/bloom-560m,0,gender,16,1,random,informative,hi,0.7083333333333334,0.4444645841916402,120
bigscience/bloom-560m,0,gender,16,1,random,neutral,bn,0.5,0.048371271292368574,120
bigscience/bloom-560m,0,gender,16,1,random,neutral,en,0.8583333333333333,0.5196238199869792,120
bigscience/bloom-560m,0,gender,16,1,random,neutral,hi,0.5416666666666666,0.18826795021692913,120
bigscience/bloom-560m,0,side,18,1,random,informative,bn,0.6666666666666666,0.3095658739407857,120
bigscience/bloom-560m,0,side,18,1,random,informative,en,0.5083333333333333,0.0760101318359375,120
bigscience/bloom-560m,0,side,18,1,random,informative,hi,0.6166666666666667,0.3237322270870209,120
bigscience/bloom-560m,0,side,18,1,random,neutral,bn,0.43333333333333335,-0.17904704411824543,120
bigscience/bloom-560m,0,side,18,1,random,neutral,en,0.5,0.0,120
bigscience/bloom-560m,0,side,18,1,random,neutral,hi,0.49166666666666664,-0.033740568161010745,120
bigscience/bloom-560m,0,gender,18,1,random,informative,bn,0.5,0.5782917181650797,120
bigscience/bloom-560m,0,gender,18,1,random,informative,en,0.9666666666666667,0.5597335815429687,120
bigscience/bloom-560m,0,gender,18,1,random,informative,hi,0.725,0.44109185139338175,120
bigscience/bloom-560m,0,gender,18,1,random,neutral,bn,0.5,0.04554392596085866,120
bigscience/bloom-560m,0,gender,18,1,random,neutral,en,0.85,0.5173009236653646,120
bigscience/bloom-560m,0,gender,18,1,random,neutral,hi,0.55,0.18345332543055218,120
bigscience/bloom-560m,0,side,20,1,random,informative,bn,0.6666666666666666,0.31893330613772075,120
bigscience/bloom-560m,0,side,20,1,random,informative,en,0.5083333333333333,0.08145243326822917,120
bigscience/bloom-560m,0,side,20,1,random,informative,hi,0.6166666666666667,0.3455146720012029,120
bigscience/bloom-560m,0,side,20,1,random,neutral,bn,0.43333333333333335,-0.18046130140622457,120
bigscience/bloom-560m,0,side,20,1,random,neutral,en,0.5,0.0,120
bigscience/bloom-560m,0,side,20,1,random,neutral,hi,0.49166666666666664,-0.029579187432924908,120
bigscience/bloom-560m,0,gender,20,1,random,informative,bn,0.5,0.5855643898248672,120
bigscience/bloom-560m,0,gender,20,1,random,informative,en,0.975,0.5643208821614584,120
bigscience/bloom-560m,0,gender,20,1,random,informative,hi,0.725,0.4572278618812561,120
bigscience/bloom-560m,0,gender,20,1,random,neutral,bn,0.5,0.04648647904396057,120
bigscience/bloom-560m,0,gender,20,1,random,neutral,en,0.85,0.5206281026204427,120
bigscience/bloom-560m,0,gender,20,1,random,neutral,hi,0.55,0.19758204619089761,120
bigscience/bloom-560m,0,side,22,1,random,informative,bn,0.65,0.32343600193659466,120
bigscience/bloom-560m,0,side,22,1,random,informative,en,0.5083333333333333,0.07990697224934896,120
bigscience/bloom-560m,0,side,22,1,random,informative,hi,0.625,0.32389724751313526,120
bigscience/bloom-560m,0,side,22,1,random,neutral,bn,0.45,-0.17848121921221416,120
bigscience/bloom-560m,0,side,22,1,random,neutral,en,0.5,0.0,120
bigscience/bloom-560m,0,side,22,1,random,neutral,hi,0.4666666666666667,-0.041971179842948916,120
bigscience/bloom-560m,0,gender,22,1,random,informative,bn,0.5,0.5862137685219447,120
bigscience/bloom-560m,0,gender,22,1,random,informative,en,0.9583333333333334,0.5626291910807292,120
bigscience/bloom-560m,0,gender,22,1,random,informative,hi,0.725,0.44478710889816286,120
bigscience/bloom-560m,0,gender,22,1,random,neutral,bn,0.5,0.054537823796272276,120
bigscience/bloom-560m,0,gender,22,1,random,neutral,en,0.8583333333333333,0.5202273050944011,120
bigscience/bloom-560m,0,gender,22,1,random,neutral,hi,0.55,0.18830360968907675,120
