model,seed,concept,layer,rank,direction,context,eval_lang,acc,pair_acc,logit_diff,n
bigscience/bloom-560m,0,side_aunt,-1,0,none,informative,bn,0.6666666666666666,1.0,1.2953679402669271,120
bigscience/bloom-560m,0,side_aunt,-1,0,none,informative,en,0.5,0.6166666666666667,0.0146575927734375,120
bigscience/bloom-560m,0,side_aunt,-1,0,none,informative,hi,0.825,1.0,0.9598173767328262,120
bigscience/bloom-560m,0,side_aunt,-1,0,none,neutral,bn,0.5083333333333333,1.0,0.6388139625390371,120
bigscience/bloom-560m,0,side_aunt,-1,0,none,neutral,en,0.5,0.5,0.0,120
bigscience/bloom-560m,0,side_aunt,-1,0,none,neutral,hi,0.7666666666666667,1.0,0.6440671543280284,120
bigscience/bloom-560m,0,gender,-1,0,none,informative,bn,0.5,1.0,0.58680885831515,120
bigscience/bloom-560m,0,gender,-1,0,none,informative,en,0.9583333333333334,1.0,0.5642776489257812,120
bigscience/bloom-560m,0,gender,-1,0,none,informative,hi,0.725,1.0,0.4452760974566142,120
bigscience/bloom-560m,0,gender,-1,0,none,neutral,bn,0.5,0.6333333333333333,0.04501170516014099,120
bigscience/bloom-560m,0,gender,-1,0,none,neutral,en,0.85,1.0,0.5204607645670573,120
bigscience/bloom-560m,0,gender,-1,0,none,neutral,hi,0.55,1.0,0.1890127182006836,120
bigscience/bloom-560m,0,side_aunt,0,1,bn,informative,bn,0.6666666666666666,1.0,1.2956767678260803,120
bigscience/bloom-560m,0,side_aunt,0,1,bn,informative,en,0.5,0.6166666666666667,0.0135406494140625,120
bigscience/bloom-560m,0,side_aunt,0,1,bn,informative,hi,0.825,1.0,0.9502255360285441,120
bigscience/bloom-560m,0,side_aunt,0,1,bn,neutral,bn,0.5083333333333333,1.0,0.637319827079773,120
bigscience/bloom-560m,0,side_aunt,0,1,bn,neutral,en,0.5,0.5,0.0,120
bigscience/bloom-560m,0,side_aunt,0,1,bn,neutral,hi,0.7583333333333333,1.0,0.6403700600067774,120
bigscience/bloom-560m,0,side_aunt,2,1,bn,informative,bn,0.6583333333333333,1.0,1.1727126439412434,120
bigscience/bloom-560m,0,side_aunt,2,1,bn,informative,en,0.5,0.6166666666666667,0.01673863728841146,120
bigscience/bloom-560m,0,side_aunt,2,1,bn,informative,hi,0.825,1.0,0.9652925322453181,120
bigscience/bloom-560m,0,side_aunt,2,1,bn,neutral,bn,0.5,1.0,0.5205699721972148,120
bigscience/bloom-560m,0,side_aunt,2,1,bn,neutral,en,0.5,0.5,0.0,120
bigscience/bloom-560m,0,side_aunt,2,1,bn,neutral,hi,0.7583333333333333,1.0,0.6453570355971654,120
bigscience/bloom-560m,0,side_aunt,4,1,bn,informative,bn,0.675,1.0,1.1557890594005584,120
bigscience/bloom-560m,0,side_aunt,4,1,bn,informative,en,0.5,0.6166666666666667,0.014127095540364584,120
bigscience/bloom-560m,0,side_aunt,4,1,bn,informative,hi,0.8333333333333334,1.0,0.9656691829363505,120
bigscience/bloom-560m,0,side_aunt,4,1,bn,neutral,bn,0.5083333333333333,1.0,0.4952578683694204,120
bigscience/bloom-560m,0,side_aunt,4,1,bn,neutral,en,0.5,0.5,0.0,120
bigscience/bloom-560m,0,side_aunt,4,1,bn,neutral,hi,0.7666666666666667,1.0,0.6446834087371827,120
bigscience/bloom-560m,0,side_aunt,6,1,bn,informative,bn,0.6583333333333333,1.0,1.1738301813602448,120
bigscience/bloom-560m,0,side_aunt,6,1,bn,informative,en,0.5,0.7333333333333333,0.027734375,120
bigscience/bloom-560m,0,side_aunt,6,1,bn,informative,hi,0.8333333333333334,1.0,0.9637632807095845,120
bigscience/bloom-560m,0,side_aunt,6,1,bn,neutral,bn,0.5083333333333333,1.0,0.5172467112541199,120
bigscience/bloom-560m,0,side_aunt,6,1,bn,neutral,en,0.5,0.5,0.0,120
bigscience/bloom-560m,0,side_aunt,6,1,bn,neutral,hi,0.7583333333333333,1.0,0.6435568660497666,120
bigscience/bloom-560m,0,side_aunt,8,1,bn,informative,bn,0.675,1.0,1.2021761735280354,120
bigscience/bloom-560m,0,side_aunt,8,1,bn,informative,en,0.5,0.65,0.014495340983072917,120
bigscience/bloom-560m,0,side_aunt,8,1,bn,informative,hi,0.825,1.0,0.9567079563935598,120
bigscience/bloom-560m,0,side_aunt,8,1,bn,neutral,bn,0.5083333333333333,1.0,0.5258315006891886,120
bigscience/bloom-560m,0,side_aunt,8,1,bn,neutral,en,0.5,0.5,0.0,120
bigscience/bloom-560m,0,side_aunt,8,1,bn,neutral,hi,0.75,1.0,0.6356664001941681,120
bigscience/bloom-560m,0,side_aunt,10,1,bn,informative,bn,0.6416666666666667,1.0,1.1564674913883208,120
bigscience/bloom-560m,0,side_aunt,10,1,bn,informative,en,0.5,0.6666666666666666,0.01633631388346354,120
bigscience/bloom-560m,0,side_aunt,10,1,bn,informative,hi,0.8166666666666667,1.0,0.9517737170060475,120
bigscience/bloom-560m,0,side_aunt,10,1,bn,neutral,bn,0.5,1.0,0.5035192370414734,120
bigscience/bloom-560m,0,side_aunt,10,1,bn,neutral,en,0.5,0.5,0.0,120
bigscience/bloom-560m,0,side_aunt,10,1,bn,neutral,hi,0.7583333333333333,1.0,0.6332633942365646,120
bigscience/bloom-560m,0,side_aunt,12,1,bn,informative,bn,0.6666666666666666,1.0,1.2074222028255464,120
bigscience/bloom-560m,0,side_aunt,12,1,bn,informative,en,0.5,0.6166666666666667,0.009054819742838541,120
bigscience/bloom-560m,0,side_aunt,12,1,bn,informative,hi,0.8166666666666667,1.0,0.9454895168542862,120
bigscience/bloom-560m,0,side_aunt,12,1,bn,neutral,bn,0.5,1.0,0.5816363394260406,120
bigscience/bloom-560m,0,side_aunt,12,1,bn,neutral,en,0.5,0.5,0.0,120
bigscience/bloom-560m,0,side_aunt,12,1,bn,neutral,hi,0.75,1.0,0.6279946674903234,120
bigscience/bloom-560m,0,side_aunt,12,4,bn,informative,bn,0.6833333333333333,1.0,1.0950547178586325,120
bigscience/bloom-560m,0,side_aunt,12,4,bn,informative,en,0.5,0.6666666666666666,0.013503519694010417,120
bigscience/bloom-560m,0,side_aunt,12,4,bn,informative,hi,0.8083333333333333,1.0,0.9582235842943192,120
bigscience/bloom-560m,0,side_aunt,12,4,bn,neutral,bn,0.5,1.0,0.48186213374137876,120
bigscience/bloom-560m,0,side_aunt,12,4,bn,neutral,en,0.5,0.5,0.0,120
bigscience/bloom-560m,0,side_aunt,12,4,bn,neutral,hi,0.75,1.0,0.616688248515129,120
bigscience/bloom-560m,0,side_aunt,14,1,bn,informative,bn,0.675,1.0,1.2726163387298584,120
bigscience/bloom-560m,0,side_aunt,14,1,bn,informative,en,0.5,0.6666666666666666,0.01753387451171875,120
bigscience/bloom-560m,0,side_aunt,14,1,bn,informative,hi,0.8333333333333334,1.0,0.9519173681735993,120
bigscience/bloom-560m,0,side_aunt,14,1,bn,neutral,bn,0.5083333333333333,1.0,0.6244845012823741,120
bigscience/bloom-560m,0,side_aunt,14,1,bn,neutral,en,0.5,0.5,0.0,120
bigscience/bloom-560m,0,side_aunt,14,1,bn,neutral,hi,0.7583333333333333,1.0,0.6299606670935949,120
bigscience/bloom-560m,0,side_aunt,16,1,bn,informative,bn,0.7083333333333334,1.0,1.3109596133232118,120
bigscience/bloom-560m,0,side_aunt,16,1,bn,informative,en,0.5,0.6166666666666667,0.014987691243489584,120
bigscience/bloom-560m,0,side_aunt,16,1,bn,informative,hi,0.8083333333333333,1.0,0.9746801137924195,120
bigscience/bloom-560m,0,side_aunt,16,1,bn,neutral,bn,0.5083333333333333,1.0,0.6346020023028056,120
bigscience/bloom-560m,0,side_aunt,16,1,bn,neutral,en,0.5,0.5,0.0,120
bigscience/bloom-560m,0,side_aunt,16,1,bn,neutral,hi,0.75,1.0,0.6524611045916875,120
bigscience/bloom-560m,0,side_aunt,18,1,bn,informative,bn,0.675,1.0,1.2634129583835603,120
bigscience/bloom-560m,0,side_aunt,18,1,bn,informative,en,0.5,0.6166666666666667,0.014427439371744791,120
bigscience/bloom-560m,0,side_aunt,18,1,bn,informative,hi,0.8,1.0,0.9816851769884427,120
bigscience/bloom-560m,0,side_aunt,18,1,bn,neutral,bn,0.5083333333333333,1.0,0.5951794743537903,120
bigscience/bloom-560m,0,side_aunt,18,1,bn,neutral,en,0.5,0.5,0.0,120
bigscience/bloom-560m,0,side_aunt,18,1,bn,neutral,hi,0.725,1.0,0.6475903064012527,120
bigscience/bloom-560m,0,side_aunt,20,1,bn,informative,bn,0.6583333333333333,1.0,1.2297251164913177,120
bigscience/bloom-560m,0,side_aunt,20,1,bn,informative,en,0.5,0.6166666666666667,0.011164347330729166,120
bigscience/bloom-560m,0,side_aunt,20,1,bn,informative,hi,0.8333333333333334,1.0,0.9481013278166454,120
bigscience/bloom-560m,0,side_aunt,20,1,bn,neutral,bn,0.5,1.0,0.5732098162174225,120
bigscience/bloom-560m,0,side_aunt,20,1,bn,neutral,en,0.5,0.5,0.0,120
bigscience/bloom-560m,0,side_aunt,20,1,bn,neutral,hi,0.7583333333333333,1.0,0.6152011583248774,120
bigscience/bloom-560m,0,side_aunt,22,1,bn,informative,bn,0.65,1.0,1.2386098245779673,120
bigscience/bloom-560m,0,side_aunt,22,1,bn,informative,en,0.5,0.6166666666666667,0.014209747314453125,120
bigscience/bloom-560m,0,side_aunt,22,1,bn,informative,hi,0.8416666666666667,1.0,0.9504990071058274,120
bigscience/bloom-560m,0,side_aunt,22,1,bn,neutral,bn,0.5,1.0,0.5939520756403606,120
bigscience/bloom-560m,0,side_aunt,22,1,bn,neutral,en,0.5,0.5,0.0,120
bigscience/bloom-560m,0,side_aunt,22,1,bn,neutral,hi,0.775,1.0,0.6356750925381979,120
bigscience/bloom-560m,0,side_aunt,0,1,hi,informative,bn,0.6583333333333333,1.0,1.2824601093928019,120
bigscience/bloom-560m,0,side_aunt,0,1,hi,informative,en,0.5,0.6166666666666667,0.014722442626953125,120
bigscience/bloom-560m,0,side_aunt,0,1,hi,informative,hi,0.825,1.0,0.9627501785755157,120
bigscience/bloom-560m,0,side_aunt,0,1,hi,neutral,bn,0.5,1.0,0.6255301713943482,120
bigscience/bloom-560m,0,side_aunt,0,1,hi,neutral,en,0.5,0.5,0.0,120
bigscience/bloom-560m,0,side_aunt,0,1,hi,neutral,hi,0.7583333333333333,1.0,0.6620339244604111,120
bigscience/bloom-560m,0,side_aunt,2,1,hi,informative,bn,0.6666666666666666,1.0,1.2924449265003204,120
bigscience/bloom-560m,0,side_aunt,2,1,hi,informative,en,0.5,0.6,0.011251322428385417,120
bigscience/bloom-560m,0,side_aunt,2,1,hi,informative,hi,0.825,1.0,0.9606793165206909,120
bigscience/bloom-560m,0,side_aunt,2,1,hi,neutral,bn,0.5,1.0,0.640337594350179,120
bigscience/bloom-560m,0,side_aunt,2,1,hi,neutral,en,0.5,0.5,0.0,120
bigscience/bloom-560m,0,side_aunt,2,1,hi,neutral,hi,0.775,1.0,0.6455694615840912,120
bigscience/bloom-560m,0,side_aunt,4,1,hi,informative,bn,0.6666666666666666,1.0,1.2756758391857148,120
bigscience/bloom-560m,0,side_aunt,4,1,hi,informative,en,0.5,0.6,0.011711374918619791,120
bigscience/bloom-560m,0,side_aunt,4,1,hi,informative,hi,0.8416666666666667,1.0,0.9842322587966919,120
bigscience/bloom-560m,0,side_aunt,4,1,hi,neutral,bn,0.5083333333333333,1.0,0.6327312548955282,120
bigscience/bloom-560m,0,side_aunt,4,1,hi,neutral,en,0.5,0.5,0.0,120
bigscience/bloom-560m,0,side_aunt,4,1,hi,neutral,hi,0.775,1.0,0.7058379123608272,120
bigscience/bloom-560m,0,side_aunt,6,1,hi,informative,bn,0.6666666666666666,1.0,1.273002380132675,120
bigscience/bloom-560m,0,side_aunt,6,1,hi,informative,en,0.5,0.6,0.010620625813802083,120
bigscience/bloom-560m,0,side_aunt,6,1,hi,informative,hi,0.825,1.0,0.9185920715332031,120
bigscience/bloom-560m,0,side_aunt,6,1,hi,neutral,bn,0.5,1.0,0.6352439224720001,120
bigscience/bloom-560m,0,side_aunt,6,1,hi,neutral,en,0.5,0.5,0.0,120
bigscience/bloom-560m,0,side_aunt,6,1,hi,neutral,hi,0.75,1.0,0.6062421520551046,120
bigscience/bloom-560m,0,side_aunt,8,1,hi,informative,bn,0.675,1.0,1.2923509657382966,120
bigscience/bloom-560m,0,side_aunt,8,1,hi,informative,en,0.5,0.6333333333333333,0.019583384195963543,120
bigscience/bloom-560m,0,side_aunt,8,1,hi,informative,hi,0.85,1.0,1.017970871925354,120
bigscience/bloom-560m,0,side_aunt,8,1,hi,neutral,bn,0.5083333333333333,1.0,0.6367622673511505,120
bigscience/bloom-560m,0,side_aunt,8,1,hi,neutral,en,0.5,0.5,0.0,120
bigscience/bloom-560m,0,side_aunt,8,1,hi,neutral,hi,0.7666666666666667,1.0,0.6400273342927297,120
bigscience/bloom-560m,0,side_aunt,10,1,hi,informative,bn,0.6833333333333333,1.0,1.2928865134716034,120
bigscience/bloom-560m,0,side_aunt,10,1,hi,informative,en,0.5,0.6166666666666667,0.012726847330729167,120
bigscience/bloom-560m,0,side_aunt,10,1,hi,informative,hi,0.8333333333333334,1.0,0.9972047557433447,120
bigscience/bloom-560m,0,side_aunt,10,1,hi,neutral,bn,0.5083333333333333,1.0,0.6416763027509054,120
bigscience/bloom-560m,0,side_aunt,10,1,hi,neutral,en,0.5,0.5,0.0,120
bigscience/bloom-560m,0,side_aunt,10,1,hi,neutral,hi,0.7583333333333333,1.0,0.6421625306208928,120
bigscience/bloom-560m,0,side_aunt,12,1,hi,informative,bn,0.675,1.0,1.3064206182956695,120
bigscience/bloom-560m,0,side_aunt,12,1,hi,informative,en,0.5,0.6166666666666667,0.012573750813802083,120
bigscience/bloom-560m,0,side_aunt,12,1,hi,informative,hi,0.8083333333333333,1.0,0.9087733993927638,120
bigscience/bloom-560m,0,side_aunt,12,1,hi,neutral,bn,0.5083333333333333,1.0,0.6436224142710368,120
bigscience/bloom-560m,0,side_aunt,12,1,hi,neutral,en,0.5,0.5,0.0,120
bigscience/bloom-560m,0,side_aunt,12,1,hi,neutral,hi,0.7416666666666667,1.0,0.5969316403071085,120
bigscience/bloom-560m,0,side_aunt,12,4,hi,informative,bn,0.6666666666666666,1.0,1.2761703789234162,120
bigscience/bloom-560m,0,side_aunt,12,4,hi,informative,en,0.5,0.5666666666666667,0.00814361572265625,120
bigscience/bloom-560m,0,side_aunt,12,4,hi,informative,hi,0.8083333333333333,1.0,0.8872305730978648,120
bigscience/bloom-560m,0,side_aunt,12,4,hi,neutral,bn,0.5083333333333333,1.0,0.6279797335465749,120
bigscience/bloom-560m,0,side_aunt,12,4,hi,neutral,en,0.5,0.5,0.0,120
bigscience/bloom-560m,0,side_aunt,12,4,hi,neutral,hi,0.7416666666666667,1.0,0.5643123189608256,120
bigscience/bloom-560m,0,side_aunt,14,1,hi,informative,bn,0.6833333333333333,1.0,1.3025780697663625,120
bigscience/bloom-560m,0,side_aunt,14,1,hi,informative,en,0.5,0.6166666666666667,0.013056691487630208,120
bigscience/bloom-560m,0,side_aunt,14,1,hi,informative,hi,0.825,1.0,0.9442432026068369,120
bigscience/bloom-560m,0,side_aunt,14,1,hi,neutral,bn,0.5083333333333333,1.0,0.6507374207178752,120
bigscience/bloom-560m,0,side_aunt,14,1,hi,neutral,en,0.5,0.5,0.0,120
bigscience/bloom-560m,0,side_aunt,14,1,hi,neutral,hi,0.7583333333333333,1.0,0.626818988720576,120
bigscience/bloom-560m,0,side_aunt,16,1,hi,informative,bn,0.6666666666666666,1.0,1.2866801202297211,120
bigscience/bloom-560m,0,side_aunt,16,1,hi,informative,en,0.5,0.6166666666666667,0.015431467692057292,120
bigscience/bloom-560m,0,side_aunt,16,1,hi,informative,hi,0.825,1.0,0.9489437719186147,120
bigscience/bloom-560m,0,side_aunt,16,1,hi,neutral,bn,0.5083333333333333,1.0,0.6409213304519653,120
bigscience/bloom-560m,0,side_aunt,16,1,hi,neutral,en,0.5,0.5,0.0,120
bigscience/bloom-560m,0,side_aunt,16,1,hi,neutral,hi,0.7583333333333333,1.0,0.6318538039922714,120
bigscience/bloom-560m,0,side_aunt,18,1,hi,informative,bn,0.6666666666666666,1.0,1.2998436053593954,120
bigscience/bloom-560m,0,side_aunt,18,1,hi,informative,en,0.5,0.6166666666666667,0.014828745524088542,120
bigscience/bloom-560m,0,side_aunt,18,1,hi,informative,hi,0.825,1.0,0.9712999602158864,120
bigscience/bloom-560m,0,side_aunt,18,1,hi,neutral,bn,0.5083333333333333,1.0,0.6391922235488892,120
bigscience/bloom-560m,0,side_aunt,18,1,hi,neutral,en,0.5,0.5,0.0,120
bigscience/bloom-560m,0,side_aunt,18,1,hi,neutral,hi,0.775,1.0,0.6596600274244945,120
bigscience/bloom-560m,0,side_aunt,20,1,hi,informative,bn,0.675,1.0,1.292553581794103,120
bigscience/bloom-560m,0,side_aunt,20,1,hi,informative,en,0.5,0.6333333333333333,0.018532816569010416,120
bigscience/bloom-560m,0,side_aunt,20,1,hi,informative,hi,0.8166666666666667,1.0,0.9300539821386338,120
bigscience/bloom-560m,0,side_aunt,20,1,hi,neutral,bn,0.5,1.0,0.6322179992993673,120
bigscience/bloom-560m,0,side_aunt,20,1,hi,neutral,en,0.5,0.5,0.0,120
bigscience/bloom-560m,0,side_aunt,20,1,hi,neutral,hi,0.7666666666666667,1.0,0.619280978043874,120
bigscience/bloom-560m,0,side_aunt,22,1,hi,informative,bn,0.6666666666666666,1.0,1.2924661993980409,120
bigscience/bloom-560m,0,side_aunt,22,1,hi,informative,en,0.5,0.6166666666666667,0.015790303548177082,120
bigscience/bloom-560m,0,side_aunt,22,1,hi,informative,hi,0.8,1.0,0.8841524481773376,120
bigscience/bloom-560m,0,side_aunt,22,1,hi,neutral,bn,0.5083333333333333,1.0,0.6369872470696767,120
bigscience/bloom-560m,0,side_aunt,22,1,hi,neutral,en,0.5,0.5,0.0,120
bigscience/bloom-560m,0,side_aunt,22,1,hi,neutral,hi,0.7583333333333333,1.0,0.5847453773021698,120
bigscience/bloom-560m,0,side_aunt,0,1,en,informative,bn,0.6666666666666666,1.0,1.2849998871485393,120
bigscience/bloom-560m,0,side_aunt,0,1,en,informative,en,0.5,0.5833333333333334,0.008089447021484375,120
bigscience/bloom-560m,0,side_aunt,0,1,en,informative,hi,0.8333333333333334,1.0,0.982991749048233,120
bigscience/bloom-560m,0,side_aunt,0,1,en,neutral,bn,0.5,1.0,0.6208637992540995,120
bigscience/bloom-560m,0,side_aunt,0,1,en,neutral,en,0.5,0.5,0.0,120
bigscience/bloom-560m,0,side_aunt,0,1,en,neutral,hi,0.7583333333333333,1.0,0.6527984042962393,120
bigscience/bloom-560m,0,side_aunt,2,1,en,informative,bn,0.6666666666666666,1.0,1.2796349287033082,120
bigscience/bloom-560m,0,side_aunt,2,1,en,informative,en,0.5,0.6166666666666667,0.015966796875,120
bigscience/bloom-560m,0,side_aunt,2,1,en,informative,hi,0.8333333333333334,1.0,0.97852576871713,120
bigscience/bloom-560m,0,side_aunt,2,1,en,neutral,bn,0.5,1.0,0.6330622057120006,120
bigscience/bloom-560m,0,side_aunt,2,1,en,neutral,en,0.5,0.5,0.0,120
bigscience/bloom-560m,0,side_aunt,2,1,en,neutral,hi,0.7583333333333333,1.0,0.646373822291692,120
bigscience/bloom-560m,0,side_aunt,4,1,en,informative,bn,0.6666666666666666,1.0,1.2936257859071096,120
bigscience/bloom-560m,0,side_aunt,4,1,en,informative,en,0.5,0.5833333333333334,0.007947031656901042,120
bigscience/bloom-560m,0,side_aunt,4,1,en,informative,hi,0.8416666666666667,1.0,0.9908272127310435,120
bigscience/bloom-560m,0,side_aunt,4,1,en,neutral,bn,0.5,1.0,0.6456499814987182,120
bigscience/bloom-560m,0,side_aunt,4,1,en,neutral,en,0.5,0.5,0.0,120
bigscience/bloom-560m,0,side_aunt,4,1,en,neutral,hi,0.775,1.0,0.6474386682113011,120
bigscience/bloom-560m,0,side_aunt,6,1,en,informative,bn,0.675,1.0,1.3080484330654145,120
bigscience/bloom-560m,0,side_aunt,6,1,en,informative,en,0.5,0.65,0.018636067708333332,120
bigscience/bloom-560m,0,side_aunt,6,1,en,informative,hi,0.8333333333333334,1.0,0.9721541623274486,120
bigscience/bloom-560m,0,side_aunt,6,1,en,neutral,bn,0.5083333333333333,1.0,0.633804444471995,120
bigscience/bloom-560m,0,side_aunt,6,1,en,neutral,en,0.5,0.5,0.0,120
bigscience/bloom-560m,0,side_aunt,6,1,en,neutral,hi,0.7583333333333333,1.0,0.6551595578591028,120
bigscience/bloom-560m,0,side_aunt,8,1,en,informative,bn,0.675,1.0,1.2493845780690511,120
bigscience/bloom-560m,0,side_aunt,8,1,en,informative,en,0.5,0.8,0.03343912760416667,120
bigscience/bloom-560m,0,side_aunt,8,1,en,informative,hi,0.85,1.0,0.9856372435887655,120
bigscience/bloom-560m,0,side_aunt,8,1,en,neutral,bn,0.5083333333333333,1.0,0.5762701233228048,120
bigscience/bloom-560m,0,side_aunt,8,1,en,neutral,en,0.5,0.5,0.0,120
bigscience/bloom-560m,0,side_aunt,8,1,en,neutral,hi,0.7833333333333333,1.0,0.6571013043324153,120
bigscience/bloom-560m,0,side_aunt,10,1,en,informative,bn,0.6833333333333333,1.0,1.2816387792428334,120
bigscience/bloom-560m,0,side_aunt,10,1,en,informative,en,0.5,0.7166666666666667,0.02399139404296875,120
bigscience/bloom-560m,0,side_aunt,10,1,en,informative,hi,0.8416666666666667,1.0,0.998792752623558,120
bigscience/bloom-560m,0,side_aunt,10,1,en,neutral,bn,0.5083333333333333,1.0,0.6062383969624837,120
bigscience/bloom-560m,0,side_aunt,10,1,en,neutral,en,0.5,0.5,0.0,120
bigscience/bloom-560m,0,side_aunt,10,1,en,neutral,hi,0.7666666666666667,1.0,0.6620509564876557,120
bigscience/bloom-560m,0,side_aunt,12,1,en,informative,bn,0.7416666666666667,1.0,1.3197405159473419,120
bigscience/bloom-560m,0,side_aunt,12,1,en,informative,en,0.5,0.75,0.02988611857096354,120
bigscience/bloom-560m,0,side_aunt,12,1,en,informative,hi,0.8333333333333334,1.0,0.9868947962919871,120
bigscience/bloom-560m,0,side_aunt,12,1,en,neutral,bn,0.5083333333333333,1.0,0.643401966492335,120
bigscience/bloom-560m,0,side_aunt,12,1,en,neutral,en,0.5,0.5,0.0,120
bigscience/bloom-560m,0,side_aunt,12,1,en,neutral,hi,0.7583333333333333,1.0,0.6501061767339706,120
bigscience/bloom-560m,0,side_aunt,12,4,en,informative,bn,0.7583333333333333,1.0,1.3263147175312042,120
bigscience/bloom-560m,0,side_aunt,12,4,en,informative,en,0.5,0.8166666666666667,0.039781443277994794,120
bigscience/bloom-560m,0,side_aunt,12,4,en,informative,hi,0.8416666666666667,1.0,0.978329383333524,120
bigscience/bloom-560m,0,side_aunt,12,4,en,neutral,bn,0.5333333333333333,1.0,0.656478363275528,120
bigscience/bloom-560m,0,side_aunt,12,4,en,neutral,en,0.5,0.5,0.0,120
bigscience/bloom-560m,0,side_aunt,12,4,en,neutral,hi,0.7583333333333333,1.0,0.6450115938981374,120
bigscience/bloom-560m,0,side_aunt,14,1,en,informative,bn,0.75,1.0,1.2950432042280833,120
bigscience/bloom-560m,0,side_aunt,14,1,en,informative,en,0.5,0.8333333333333334,0.04152348836263021,120
bigscience/bloom-560m,0,side_aunt,14,1,en,informative,hi,0.8333333333333334,1.0,1.0250378499428432,120
bigscience/bloom-560m,0,side_aunt,14,1,en,neutral,bn,0.5083333333333333,1.0,0.613076760371526,120
bigscience/bloom-560m,0,side_aunt,14,1,en,neutral,en,0.5,0.5,0.0,120
bigscience/bloom-560m,0,side_aunt,14,1,en,neutral,hi,0.775,1.0,0.6523299952348073,120
bigscience/bloom-560m,0,side_aunt,16,1,en,informative,bn,0.7166666666666667,1.0,1.2772617280483245,120
bigscience/bloom-560m,0,side_aunt,16,1,en,informative,en,0.5,0.7666666666666667,0.028577677408854165,120
bigscience/bloom-560m,0,side_aunt,16,1,en,informative,hi,0.8333333333333334,1.0,1.0059444218873979,120
bigscience/bloom-560m,0,side_aunt,16,1,en,neutral,bn,0.525,1.0,0.6161194344361623,120
bigscience/bloom-560m,0,side_aunt,16,1,en,neutral,en,0.5,0.5,0.0,120
bigscience/bloom-560m,0,side_aunt,16,1,en,neutral,hi,0.775,1.0,0.6549845447142919,120
bigscience/bloom-560m,0,side_aunt,18,1,en,informative,bn,0.7083333333333334,1.0,1.273348734776179,120
bigscience/bloom-560m,0,side_aunt,18,1,en,informative,en,0.5,0.7333333333333333,0.026015726725260417,120
bigscience/bloom-560m,0,side_aunt,18,1,en,informative,hi,0.8333333333333334,1.0,1.005242865284284,120
bigscience/bloom-560m,0,side_aunt,18,1,en,neutral,bn,0.525,1.0,0.6253266175587971,120
bigscience/bloom-560m,0,side_aunt,18,1,en,neutral,en,0.5,0.5,0.0,120
bigscience/bloom-560m,0,side_aunt,18,1,en,neutral,hi,0.7833333333333333,1.0,0.6635486990213394,120
bigscience/bloom-560m,0,side_aunt,20,1,en,informative,bn,0.6833333333333333,1.0,1.2545798659324645,120
bigscience/bloom-560m,0,side_aunt,20,1,en,informative,en,0.5,0.7333333333333333,0.02603734334309896,120
bigscience/bloom-560m,0,side_aunt,20,1,en,informative,hi,0.8083333333333333,1.0,0.944200366238753,120
bigscience/bloom-560m,0,side_aunt,20,1,en,neutral,bn,0.525,1.0,0.6089006543159485,120
bigscience/bloom-560m,0,side_aunt,20,1,en,neutral,en,0.5,0.5,0.0,120
bigscience/bloom-560m,0,side_aunt,20,1,en,neutral,hi,0.775,1.0,0.6322042932113011,120
bigscience/bloom-560m,0,side_aunt,22,1,en,informative,bn,0.675,1.0,1.2958543797334034,120
bigscience/bloom-560m,0,side_aunt,22,1,en,informative,en,0.5,0.7,0.021368408203125,120
bigscience/bloom-560m,0,side_aunt,22,1,en,informative,hi,0.825,1.0,0.960021514693896,120
bigscience/bloom-560m,0,side_aunt,22,1,en,neutral,bn,0.5083333333333333,1.0,0.638436351219813,120
bigscience/bloom-560m,0,side_aunt,22,1,en,neutral,en,0.5,0.5,0.0,120
bigscience/bloom-560m,0,side_aunt,22,1,en,neutral,hi,0.7583333333333333,1.0,0.6460114081700643,120
bigscience/bloom-560m,0,gender,0,1,bn,informative,bn,0.5,1.0,0.5968674053748448,120
bigscience/bloom-560m,0,gender,0,1,bn,informative,en,0.9666666666666667,1.0,0.567053476969401,120
bigscience/bloom-560m,0,gender,0,1,bn,informative,hi,0.725,1.0,0.4423449675242106,120
bigscience/bloom-560m,0,gender,0,1,bn,neutral,bn,0.5,0.6,0.0486905167500178,120
bigscience/bloom-560m,0,gender,0,1,bn,neutral,en,0.8583333333333333,1.0,0.5214271545410156,120
bigscience/bloom-560m,0,gender,0,1,bn,neutral,hi,0.55,1.0,0.18836135069529217,120
bigscience/bloom-560m,0,gender,2,1,bn,informative,bn,0.5,1.0,0.3155618816614151,120
bigscience/bloom-560m,0,gender,2,1,bn,informative,en,0.975,1.0,0.5657307942708333,120
bigscience/bloom-560m,0,gender,2,1,bn,informative,hi,0.725,1.0,0.44629525740941367,120
bigscience/bloom-560m,0,gender,2,1,bn,neutral,bn,0.5,0.0,-0.2906552106142044,120
bigscience/bloom-560m,0,gender,2,1,bn,neutral,en,0.85,1.0,0.5206372578938802,120
bigscience/bloom-560m,0,gender,2,1,bn,neutral,hi,0.5416666666666666,1.0,0.1870260755221049,120
bigscience/bloom-560m,0,gender,4,1,bn,informative,bn,0.5,1.0,0.6162313471237818,120
bigscience/bloom-560m,0,gender,4,1,bn,informative,en,0.95,1.0,0.5523971557617188,120
bigscience/bloom-560m,0,gender,4,1,bn,informative,hi,0.725,1.0,0.44094152450561525,120
bigscience/bloom-560m,0,gender,4,1,bn,neutral,bn,0.5,0.65,0.047931993007659913,120
bigscience/bloom-560m,0,gender,4,1,bn,neutral,en,0.85,1.0,0.5196100870768229,120
bigscience/bloom-560m,0,gender,4,1,bn,neutral,hi,0.5583333333333333,1.0,0.18017746607462565,120
bigscience/bloom-560m,0,gender,6,1,bn,informative,bn,0.5,1.0,0.6174492518107096,120
bigscience/bloom-560m,0,gender,6,1,bn,informative,en,0.9666666666666667,1.0,0.5733787536621093,120
bigscience/bloom-560m,0,gender,6,1,bn,informative,hi,0.7083333333333334,1.0,0.45888619422912597,120
bigscience/bloom-560m,0,gender,6,1,bn,neutral,bn,0.5,0.7166666666666667,0.06313676734765371,120
bigscience/bloom-560m,0,gender,6,1,bn,neutral,en,0.85,1.0,0.5279454549153646,120
bigscience/bloom-560m,0,gender,6,1,bn,neutral,hi,0.5416666666666666,1.0,0.20420103073120116,120
bigscience/bloom-560m,0,gender,8,1,bn,informative,bn,0.5,1.0,0.6430102616548539,120
bigscience/bloom-560m,0,gender,8,1,bn,informative,en,0.9666666666666667,1.0,0.5718516031901042,120
bigscience/bloom-560m,0,gender,8,1,bn,informative,hi,0.7,1.0,0.44100316365559894,120
bigscience/bloom-560m,0,gender,8,1,bn,neutral,bn,0.5,0.8,0.09307606915632884,120
bigscience/bloom-560m,0,gender,8,1,bn,neutral,en,0.8583333333333333,1.0,0.5232882181803385,120
bigscience/bloom-560m,0,gender,8,1,bn,neutral,hi,0.5333333333333333,1.0,0.18955958684285482,120
bigscience/bloom-560m,0,gender,10,1,bn,informative,bn,0.5,1.0,0.6274186472098032,120
bigscience/bloom-560m,0,gender,10,1,bn,informative,en,0.9833333333333333,1.0,0.5982315063476562,120
bigscience/bloom-560m,0,gender,10,1,bn,informative,hi,0.7,1.0,0.43690890073776245,120
bigscience/bloom-560m,0,gender,10,1,bn,neutral,bn,0.5,0.7666666666666667,0.07891986767450969,120
bigscience/bloom-560m,0,gender,10,1,bn,neutral,en,0.8666666666666667,1.0,0.5476585388183594,120
bigscience/bloom-560m,0,gender,10,1,bn,neutral,hi,0.5333333333333333,1.0,0.18519848585128784,120
bigscience/bloom-560m,0,gender,12,1,bn,informative,bn,0.5,1.0,0.5154051542282104,120
bigscience/bloom-560m,0,gender,12,1,bn,informative,en,0.975,1.0,0.5890813191731771,120
bigscience/bloom-560m,0,gender,12,1,bn,informative,hi,0.6666666666666666,1.0,0.44321041107177733,120
bigscience/bloom-560m,0,gender,12,1,bn,neutral,bn,0.5,0.55,0.012109824021657308,120
bigscience/bloom-560m,0,gender,12,1,bn,neutral,en,0.85,1.0,0.5288604736328125,120
bigscience/bloom-560m,0,gender,12,1,bn,neutral,hi,0.5333333333333333,1.0,0.17910040616989137,120
bigscience/bloom-560m,0,gender,12,4,bn,informative,bn,0.5,1.0,0.5769535809755325,120
bigscience/bloom-560m,0,gender,12,4,bn,informative,en,0.9166666666666666,1.0,0.5680623372395833,120
bigscience/bloom-560m,0,gender,12,4,bn,informative,hi,0.675,1.0,0.4409034927686056,120
bigscience/bloom-560m,0,gender,12,4,bn,neutral,bn,0.5,0.7666666666666667,0.07251804172992707,120
bigscience/bloom-560m,0,gender,12,4,bn,neutral,en,0.8666666666666667,1.0,0.517736307779948,120
bigscience/bloom-560m,0,gender,12,4,bn,neutral,hi,0.5333333333333333,1.0,0.1873487909634908,120
bigscience/bloom-560m,0,gender,14,1,bn,informative,bn,0.5,1.0,0.5657091736793518,120
bigscience/bloom-560m,0,gender,14,1,bn,informative,en,0.95,1.0,0.5700754801432292,120
bigscience/bloom-560m,0,gender,14,1,bn,informative,hi,0.7,1.0,0.3961308201154073,120
bigscience/bloom-560m,0,gender,14,1,bn,neutral,bn,0.5,0.75,0.06862772504488628,120
bigscience/bloom-560m,0,gender,14,1,bn,neutral,en,0.85,1.0,0.5131668090820313,120
bigscience/bloom-560m,0,gender,14,1,bn,neutral,hi,0.5333333333333333,1.0,0.1614496072133382,120
bigscience/bloom-560m,0,gender,16,1,bn,informative,bn,0.5,1.0,0.6304984162251155,120
bigscience/bloom-560m,0,gender,16,1,bn,informative,en,0.9583333333333334,1.0,0.5805814107259114,120
bigscience/bloom-560m,0,gender,16,1,bn,informative,hi,0.725,1.0,0.45487415393193564,120
bigscience/bloom-560m,0,gender,16,1,bn,neutral,bn,0.5,0.65,0.04784457782904307,120
bigscience/bloom-560m,0,gender,16,1,bn,neutral,en,0.8916666666666667,1.0,0.5318766276041667,120
bigscience/bloom-560m,0,gender,16,1,bn,neutral,hi,0.55,1.0,0.18486713171005248,120
bigscience/bloom-560m,0,gender,18,1,bn,informative,bn,0.5,1.0,0.6373788595199585,120
bigscience/bloom-560m,0,gender,18,1,bn,informative,en,0.95,1.0,0.6104337056477864,120
bigscience/bloom-560m,0,gender,18,1,bn,informative,hi,0.7333333333333333,1.0,0.5186070521672567,120
bigscience/bloom-560m,0,gender,18,1,bn,neutral,bn,0.5,0.5333333333333333,0.0037687748670578005,120
bigscience/bloom-560m,0,gender,18,1,bn,neutral,en,0.9166666666666666,1.0,0.5753865559895833,120
bigscience/bloom-560m,0,gender,18,1,bn,neutral,hi,0.5833333333333334,1.0,0.22584829727808634,120
bigscience/bloom-560m,0,gender,20,1,bn,informative,bn,0.5,1.0,0.5708500365416209,120
bigscience/bloom-560m,0,gender,20,1,bn,informative,en,0.9416666666666667,1.0,0.5326822916666667,120
bigscience/bloom-560m,0,gender,20,1,bn,informative,hi,0.7333333333333333,1.0,0.45673929452896117,120
bigscience/bloom-560m,0,gender,20,1,bn,neutral,bn,0.5,0.6333333333333333,0.028805472453435264,120
bigscience/bloom-560m,0,gender,20,1,bn,neutral,en,0.8583333333333333,1.0,0.4901636759440104,120
bigscience/bloom-560m,0,gender,20,1,bn,neutral,hi,0.6,1.0,0.2026219328244527,120
bigscience/bloom-560m,0,gender,22,1,bn,informative,bn,0.5,1.0,0.5509470750888189,120
bigscience/bloom-560m,0,gender,22,1,bn,informative,en,0.975,1.0,0.5529505411783854,120
bigscience/bloom-560m,0,gender,22,1,bn,informative,hi,0.725,1.0,0.4168665289878845,120
bigscience/bloom-560m,0,gender,22,1,bn,neutral,bn,0.5,0.5666666666666667,0.015098286668459575,120
bigscience/bloom-560m,0,gender,22,1,bn,neutral,en,0.85,1.0,0.5088676452636719,120
bigscience/bloom-560m,0,gender,22,1,bn,neutral,hi,0.575,0.9833333333333333,0.16066097418467204,120
bigscience/bloom-560m,0,gender,0,1,hi,informative,bn,0.5,1.0,0.5698129892349243,120
bigscience/bloom-560m,0,gender,0,1,hi,informative,en,0.95,1.0,0.5572420756022135,120
bigscience/bloom-560m,0,gender,0,1,hi,informative,hi,0.7166666666666667,1.0,0.43507757981618245,120
bigscience/bloom-560m,0,gender,0,1,hi,neutral,bn,0.5,0.6166666666666667,0.033798461159070335,120
bigscience/bloom-560m,0,gender,0,1,hi,neutral,en,0.85,1.0,0.5190711975097656,120
bigscience/bloom-560m,0,gender,0,1,hi,neutral,hi,0.5416666666666666,1.0,0.1806533892949422,120
bigscience/bloom-560m,0,gender,2,1,hi,informative,bn,0.5,1.0,0.5781239221493403,120
bigscience/bloom-560m,0,gender,2,1,hi,informative,en,0.9666666666666667,1.0,0.5614260355631511,120
bigscience/bloom-560m,0,gender,2,1,hi,informative,hi,0.725,1.0,0.4696793834368388,120
bigscience/bloom-560m,0,gender,2,1,hi,neutral,bn,0.5,0.6166666666666667,0.037806323170661925,120
bigscience/bloom-560m,0,gender,2,1,hi,neutral,en,0.8583333333333333,1.0,0.5191261291503906,120
bigscience/bloom-560m,0,gender,2,1,hi,neutral,hi,0.5583333333333333,1.0,0.20950464407602945,120
bigscience/bloom-560m,0,gender,4,1,hi,informative,bn,0.5,1.0,0.5842440843582153,120
bigscience/bloom-560m,0,gender,4,1,hi,informative,en,0.9666666666666667,1.0,0.5584431966145833,120
bigscience/bloom-560m,0,gender,4,1,hi,informative,hi,0.7083333333333334,1.0,0.44231645663579305,120
bigscience/bloom-560m,0,gender,4,1,hi,neutral,bn,0.5,0.65,0.04379299779733022,120
bigscience/bloom-560m,0,gender,4,1,hi,neutral,en,0.85,1.0,0.5163663228352865,120
bigscience/bloom-560m,0,gender,4,1,hi,neutral,hi,0.5416666666666666,1.0,0.17872856855392455,120
bigscience/bloom-560m,0,gender,6,1,hi,informative,bn,0.5,1.0,0.5893000652392705,120
bigscience/bloom-560m,0,gender,6,1,hi,informative,en,0.9666666666666667,1.0,0.5598017374674479,120
bigscience/bloom-560m,0,gender,6,1,hi,informative,hi,0.7083333333333334,1.0,0.42323110103607176,120
bigscience/bloom-560m,0,gender,6,1,hi,neutral,bn,0.5,0.6333333333333333,0.04260948002338409,120
bigscience/bloom-560m,0,gender,6,1,hi,neutral,en,0.85,1.0,0.5179962158203125,120
bigscience/bloom-560m,0,gender,6,1,hi,neutral,hi,0.5416666666666666,0.9833333333333333,0.16629230578740437,120
bigscience/bloom-560m,0,gender,8,1,hi,informative,bn,0.5,1.0,0.5875822474559148,120
bigscience/bloom-560m,0,gender,8,1,hi,informative,en,0.9833333333333333,1.0,0.5651850382486979,120
bigscience/bloom-560m,0,gender,8,1,hi,informative,hi,0.7083333333333334,1.0,0.44783838192621866,120
bigscience/bloom-560m,0,gender,8,1,hi,neutral,bn,0.5,0.6333333333333333,0.042815951506296794,120
bigscience/bloom-560m,0,gender,8,1,hi,neutral,en,0.8583333333333333,1.0,0.5192067464192708,120
bigscience/bloom-560m,0,gender,8,1,hi,neutral,hi,0.55,1.0,0.1870205839474996,120
bigscience/bloom-560m,0,gender,10,1,hi,informative,bn,0.5,1.0,0.5978225231170654,120
bigscience/bloom-560m,0,gender,10,1,hi,informative,en,0.9833333333333333,1.0,0.5669520060221355,120
bigscience/bloom-560m,0,gender,10,1,hi,informative,hi,0.7083333333333334,1.0,0.42889038324356077,120
bigscience/bloom-560m,0,gender,10,1,hi,neutral,bn,0.5,0.6666666666666666,0.05237769782543182,120
bigscience/bloom-560m,0,gender,10,1,hi,neutral,en,0.85,1.0,0.5170753479003907,120
bigscience/bloom-560m,0,gender,10,1,hi,neutral,hi,0.5416666666666666,1.0,0.1677521030108134,120
bigscience/bloom-560m,0,gender,12,1,hi,informative,bn,0.5,1.0,0.5658167123794555,120
bigscience/bloom-560m,0,gender,12,1,hi,informative,en,0.9583333333333334,1.0,0.5597946166992187,120
bigscience/bloom-560m,0,gender,12,1,hi,informative,hi,0.7083333333333334,1.0,0.4049680709838867,120
bigscience/bloom-560m,0,gender,12,1,hi,neutral,bn,0.5,0.65,0.045219803849856056,120
bigscience/bloom-560m,0,gender,12,1,hi,neutral,en,0.8666666666666667,1.0,0.516290028889974,120
bigscience/bloom-560m,0,gender,12,1,hi,neutral,hi,0.5333333333333333,0.9833333333333333,0.15202428499857584,120
bigscience/bloom-560m,0,gender,12,4,hi,informative,bn,0.5,1.0,0.5732498794794083,120
bigscience/bloom-560m,0,gender,12,4,hi,informative,en,0.9666666666666667,1.0,0.5166333516438802,120
bigscience/bloom-560m,0,gender,12,4,hi,informative,hi,0.65,1.0,0.32673490047454834,120
bigscience/bloom-560m,0,gender,12,4,hi,neutral,bn,0.5,0.6333333333333333,0.047914509971936546,120
bigscience/bloom-560m,0,gender,12,4,hi,neutral,en,0.8583333333333333,1.0,0.4766510009765625,120
bigscience/bloom-560m,0,gender,12,4,hi,neutral,hi,0.5166666666666667,0.8833333333333333,0.10112655957539876,120
bigscience/bloom-560m,0,gender,14,1,hi,informative,bn,0.5,1.0,0.5803795993328095,120
bigscience/bloom-560m,0,gender,14,1,hi,informative,en,0.9416666666666667,1.0,0.553997294108073,120
bigscience/bloom-560m,0,gender,14,1,hi,informative,hi,0.725,1.0,0.43656917015711466,120
bigscience/bloom-560m,0,gender,14,1,hi,neutral,bn,0.5,0.6666666666666666,0.05781374275684357,120
bigscience/bloom-560m,0,gender,14,1,hi,neutral,en,0.8583333333333333,1.0,0.5078628540039063,120
bigscience/bloom-560m,0,gender,14,1,hi,neutral,hi,0.55,1.0,0.18723433812459309,120
bigscience/bloom-560m,0,gender,16,1,hi,informative,bn,0.5,1.0,0.5722323258717855,120
bigscience/bloom-560m,0,gender,16,1,hi,informative,en,0.95,1.0,0.534423828125,120
bigscience/bloom-560m,0,gender,16,1,hi,informative,hi,0.7166666666666667,1.0,0.38341480096181235,120
bigscience/bloom-560m,0,gender,16,1,hi,neutral,bn,0.5,0.6166666666666667,0.038639184832572934,120
bigscience/bloom-560m,0,gender,16,1,hi,neutral,en,0.8583333333333333,1.0,0.4951032002766927,120
bigscience/bloom-560m,0,gender,16,1,hi,neutral,hi,0.5333333333333333,0.9166666666666666,0.13144457340240479,120
bigscience/bloom-560m,0,gender,18,1,hi,informative,bn,0.5,1.0,0.5673815766970317,120
bigscience/bloom-560m,0,gender,18,1,hi,informative,en,0.9416666666666667,1.0,0.5046165466308594,120
bigscience/bloom-560m,0,gender,18,1,hi,informative,hi,0.6416666666666667,1.0,0.335493000348409,120
bigscience/bloom-560m,0,gender,18,1,hi,neutral,bn,0.5,0.65,0.04825370609760284,120
bigscience/bloom-560m,0,gender,18,1,hi,neutral,en,0.8583333333333333,1.0,0.4518788655598958,120
bigscience/bloom-560m,0,gender,18,1,hi,neutral,hi,0.5166666666666667,0.8,0.07774895429611206,120
bigscience/bloom-560m,0,gender,20,1,hi,informative,bn,0.5,1.0,0.5897560209035874,120
bigscience/bloom-560m,0,gender,20,1,hi,informative,en,0.8416666666666667,1.0,0.48410797119140625,120
bigscience/bloom-560m,0,gender,20,1,hi,informative,hi,0.7083333333333334,1.0,0.28451305627822876,120
bigscience/bloom-560m,0,gender,20,1,hi,neutral,bn,0.5,0.6333333333333333,0.0472554345925649,120
bigscience/bloom-560m,0,gender,20,1,hi,neutral,en,0.8333333333333334,1.0,0.4500048319498698,120
bigscience/bloom-560m,0,gender,20,1,hi,neutral,hi,0.5,0.65,0.025616550445556642,120
bigscience/bloom-560m,0,gender,22,1,hi,informative,bn,0.5,1.0,0.5804385095834732,120
bigscience/bloom-560m,0,gender,22,1,hi,informative,en,0.8666666666666667,1.0,0.4990643819173177,120
bigscience/bloom-560m,0,gender,22,1,hi,informative,hi,0.7083333333333334,1.0,0.3529539783795675,120
bigscience/bloom-560m,0,gender,22,1,hi,neutral,bn,0.5,0.6333333333333333,0.041950010259946185,120
bigscience/bloom-560m,0,gender,22,1,hi,neutral,en,0.8583333333333333,1.0,0.4584869384765625,120
bigscience/bloom-560m,0,gender,22,1,hi,neutral,hi,0.5416666666666666,0.9,0.1002217690149943,120
bigscience/bloom-560m,0,gender,0,1,en,informative,bn,0.5,1.0,0.584408571322759,120
bigscience/bloom-560m,0,gender,0,1,en,informative,en,0.9333333333333333,1.0,0.5388659159342448,120
bigscience/bloom-560m,0,gender,0,1,en,informative,hi,0.725,1.0,0.429050886631012,120
bigscience/bloom-560m,0,gender,0,1,en,neutral,bn,0.5,0.65,0.05125651061534882,120
bigscience/bloom-560m,0,gender,0,1,en,neutral,en,0.8416666666666667,1.0,0.5062484741210938,120
bigscience/bloom-560m,0,gender,0,1,en,neutral,hi,0.55,1.0,0.17874766985575358,120
bigscience/bloom-560m,0,gender,2,1,en,informative,bn,0.5,1.0,0.5777556409438451,120
bigscience/bloom-560m,0,gender,2,1,en,informative,en,0.95,1.0,0.5654131571451823,120
bigscience/bloom-560m,0,gender,2,1,en,informative,hi,0.725,1.0,0.4603038469950358,120
bigscience/bloom-560m,0,gender,2,1,en,neutral,bn,0.5,0.6166666666666667,0.03100878596305847,120
bigscience/bloom-560m,0,gender,2,1,en,neutral,en,0.8416666666666667,1.0,0.5084752400716146,120
bigscience/bloom-560m,0,gender,2,1,en,neutral,hi,0.5583333333333333,1.0,0.19632676839828492,120
bigscience/bloom-560m,0,gender,4,1,en,informative,bn,0.5,1.0,0.5904091686010361,120
bigscience/bloom-560m,0,gender,4,1,en,informative,en,0.9416666666666667,1.0,0.5722012837727865,120
bigscience/bloom-560m,0,gender,4,1,en,informative,hi,0.725,1.0,0.45425469080607095,120
bigscience/bloom-560m,0,gender,4,1,en,neutral,bn,0.5,0.6333333333333333,0.04449608524640401,120
bigscience/bloom-560m,0,gender,4,1,en,neutral,en,0.8416666666666667,1.0,0.5267275492350261,120
bigscience/bloom-560m,0,gender,4,1,en,neutral,hi,0.5416666666666666,1.0,0.1877336819966634,120
bigscience/bloom-560m,0,gender,6,1,en,informative,bn,0.5,1.0,0.5783931523561477,120
bigscience/bloom-560m,0,gender,6,1,en,informative,en,0.8833333333333333,1.0,0.5224512736002604,120
bigscience/bloom-560m,0,gender,6,1,en,informative,hi,0.725,1.0,0.4508790850639343,120
bigscience/bloom-560m,0,gender,6,1,en,neutral,bn,0.5,0.6666666666666666,0.04785698652267456,120
bigscience/bloom-560m,0,gender,6,1,en,neutral,en,0.8333333333333334,1.0,0.47123311360677084,120
bigscience/bloom-560m,0,gender,6,1,en,neutral,hi,0.55,1.0,0.18702898025512696,120
bigscience/bloom-560m,0,gender,8,1,en,informative,bn,0.5,1.0,0.5828170617421468,120
bigscience/bloom-560m,0,gender,8,1,en,informative,en,0.85,1.0,0.48201141357421873,120
bigscience/bloom-560m,0,gender,8,1,en,informative,hi,0.725,1.0,0.4484559059143066,120
bigscience/bloom-560m,0,gender,8,1,en,neutral,bn,0.5,0.6666666666666666,0.05104733904202779,120
bigscience/bloom-560m,0,gender,8,1,en,neutral,en,0.8416666666666667,1.0,0.4426902770996094,120
bigscience/bloom-560m,0,gender,8,1,en,neutral,hi,0.55,1.0,0.18472225666046144,120
bigscience/bloom-560m,0,gender,10,1,en,informative,bn,0.5,1.0,0.5707527935504914,120
bigscience/bloom-560m,0,gender,10,1,en,informative,en,0.8666666666666667,1.0,0.4798993428548177,120
bigscience/bloom-560m,0,gender,10,1,en,informative,hi,0.725,1.0,0.41096450487772623,120
bigscience/bloom-560m,0,gender,10,1,en,neutral,bn,0.5,0.6333333333333333,0.04741822878519694,120
bigscience/bloom-560m,0,gender,10,1,en,neutral,en,0.825,1.0,0.4471422831217448,120
bigscience/bloom-560m,0,gender,10,1,en,neutral,hi,0.575,1.0,0.15689010620117189,120
bigscience/bloom-560m,0,gender,12,1,en,informative,bn,0.5,1.0,0.5827156374851863,120
bigscience/bloom-560m,0,gender,12,1,en,informative,en,0.9,1.0,0.5061147054036458,120
bigscience/bloom-560m,0,gender,12,1,en,informative,hi,0.7166666666666667,1.0,0.38813935915629066,120
bigscience/bloom-560m,0,gender,12,1,en,neutral,bn,0.5,0.6333333333333333,0.03881059090296427,120
bigscience/bloom-560m,0,gender,12,1,en,neutral,en,0.8333333333333334,1.0,0.4811408996582031,120
bigscience/bloom-560m,0,gender,12,1,en,neutral,hi,0.5583333333333333,0.9833333333333333,0.15590771039326987,120
bigscience/bloom-560m,0,gender,12,4,en,informative,bn,0.5,1.0,0.6134450962146123,120
bigscience/bloom-560m,0,gender,12,4,en,informative,en,0.6416666666666667,1.0,0.3047826131184896,120
bigscience/bloom-560m,0,gender,12,4,en,informative,hi,0.7166666666666667,1.0,0.36301471789677936,120
bigscience/bloom-560m,0,gender,12,4,en,neutral,bn,0.5,0.7666666666666667,0.07922782897949218,120
bigscience/bloom-560m,0,gender,12,4,en,neutral,en,0.75,1.0,0.3134256998697917,120
bigscience/bloom-560m,0,gender,12,4,en,neutral,hi,0.575,0.9666666666666667,0.13742351531982422,120
bigscience/bloom-560m,0,gender,14,1,en,informative,bn,0.5,1.0,0.5833556562662124,120
bigscience/bloom-560m,0,gender,14,1,en,informative,en,0.9333333333333333,1.0,0.5401568094889323,120
bigscience/bloom-560m,0,gender,14,1,en,informative,hi,0.7416666666666667,1.0,0.41594680547714236,120
bigscience/bloom-560m,0,gender,14,1,en,neutral,bn,0.5,0.65,0.04926741619904836,120
bigscience/bloom-560m,0,gender,14,1,en,neutral,en,0.85,1.0,0.5202679951985677,120
bigscience/bloom-560m,0,gender,14,1,en,neutral,hi,0.5833333333333334,1.0,0.17534151871999104,120
bigscience/bloom-560m,0,gender,16,1,en,informative,bn,0.5,1.0,0.5836594104766846,120
bigscience/bloom-560m,0,gender,16,1,en,informative,en,0.8583333333333333,1.0,0.5423431396484375,120
bigscience/bloom-560m,0,gender,16,1,en,informative,hi,0.75,1.0,0.45469977855682375,120
bigscience/bloom-560m,0,gender,16,1,en,neutral,bn,0.5,0.6666666666666666,0.051338956753412886,120
bigscience/bloom-560m,0,gender,16,1,en,neutral,en,0.8333333333333334,1.0,0.5134353637695312,120
bigscience/bloom-560m,0,gender,16,1,en,neutral,hi,0.5833333333333334,1.0,0.1881882150967916,120
bigscience/bloom-560m,0,gender,18,1,en,informative,bn,0.5,1.0,0.5419931828975677,120
bigscience/bloom-560m,0,gender,18,1,en,informative,en,0.8333333333333334,1.0,0.4841715494791667,120
bigscience/bloom-560m,0,gender,18,1,en,informative,hi,0.7583333333333333,1.0,0.4262200713157654,120
bigscience/bloom-560m,0,gender,18,1,en,neutral,bn,0.5,0.6,0.029980616768201192,120
bigscience/bloom-560m,0,gender,18,1,en,neutral,en,0.8083333333333333,1.0,0.44940363566080727,120
bigscience/bloom-560m,0,gender,18,1,en,neutral,hi,0.6,1.0,0.1689021348953247,120
bigscience/bloom-560m,0,gender,20,1,en,informative,bn,0.5,1.0,0.536044172445933,120
bigscience/bloom-560m,0,gender,20,1,en,informative,en,0.8833333333333333,1.0,0.4775871276855469,120
bigscience/bloom-560m,0,gender,20,1,en,informative,hi,0.7166666666666667,1.0,0.3769962310791016,120
bigscience/bloom-560m,0,gender,20,1,en,neutral,bn,0.5,0.6166666666666667,0.028573500116666158,120
bigscience/bloom-560m,0,gender,20,1,en,neutral,en,0.8583333333333333,1.0,0.4493896484375,120
bigscience/bloom-560m,0,gender,20,1,en,neutral,hi,0.5416666666666666,0.9833333333333333,0.10903474887212118,120
bigscience/bloom-560m,0,gender,22,1,en,informative,bn,0.5,1.0,0.5633202066024144,120
bigscience/bloom-560m,0,gender,22,1,en,informative,en,0.85,1.0,0.4460344950358073,120
bigscience/bloom-560m,0,gender,22,1,en,informative,hi,0.7083333333333334,1.0,0.37526254256566366,120
bigscience/bloom-560m,0,gender,22,1,en,neutral,bn,0.5,0.6166666666666667,0.031642977396647134,120
bigscience/bloom-560m,0,gender,22,1,en,neutral,en,0.8666666666666667,1.0,0.4102734883626302,120
bigscience/bloom-560m,0,gender,22,1,en,neutral,hi,0.5333333333333333,0.9333333333333333,0.12390501896540324,120
bigscience/bloom-560m,0,side_aunt,0,1,random,informative,bn,0.6666666666666666,1.0,1.289002960920334,120
bigscience/bloom-560m,0,side_aunt,0,1,random,informative,en,0.5,0.6166666666666667,0.015579732259114583,120
bigscience/bloom-560m,0,side_aunt,0,1,random,informative,hi,0.8333333333333334,1.0,0.962903556227684,120
bigscience/bloom-560m,0,side_aunt,0,1,random,neutral,bn,0.5,1.0,0.631105097134908,120
bigscience/bloom-560m,0,side_aunt,0,1,random,neutral,en,0.5,0.5,0.0,120
bigscience/bloom-560m,0,side_aunt,0,1,random,neutral,hi,0.7666666666666667,1.0,0.6473297258218129,120
bigscience/bloom-560m,0,gender,0,1,random,informative,bn,0.5,1.0,0.5903814911842347,120
bigscience/bloom-560m,0,gender,0,1,random,informative,en,0.9666666666666667,1.0,0.5603129069010416,120
bigscience/bloom-560m,0,gender,0,1,random,informative,hi,0.725,1.0,0.44600425561269125,120
bigscience/bloom-560m,0,gender,0,1,random,neutral,bn,0.5,0.6833333333333333,0.05711926023165385,120
bigscience/bloom-560m,0,gender,0,1,random,neutral,en,0.85,1.0,0.5175641377766927,120
bigscience/bloom-560m,0,gender,0,1,random,neutral,hi,0.5416666666666666,1.0,0.18771903117497762,120
bigscience/bloom-560m,0,side_aunt,2,1,random,informative,bn,0.675,1.0,1.2900325238704682,120
bigscience/bloom-560m,0,side_aunt,2,1,random,informative,en,0.5,0.6166666666666667,0.012310028076171875,120
bigscience/bloom-560m,0,side_aunt,2,1,random,informative,hi,0.8333333333333334,1.0,0.9577833692232768,120
bigscience/bloom-560m,0,side_aunt,2,1,random,neutral,bn,0.5083333333333333,1.0,0.6279594361782074,120
bigscience/bloom-560m,0,side_aunt,2,1,random,neutral,en,0.5,0.5,0.0,120
bigscience/bloom-560m,0,side_aunt,2,1,random,neutral,hi,0.775,1.0,0.6370644440253576,120
bigscience/bloom-560m,0,gender,2,1,random,informative,bn,0.5,1.0,0.5725739081700643,120
bigscience/bloom-560m,0,gender,2,1,random,informative,en,0.9666666666666667,1.0,0.5550707499186198,120
bigscience/bloom-560m,0,gender,2,1,random,informative,hi,0.7166666666666667,1.0,0.44634459018707273,120
bigscience/bloom-560m,0,gender,2,1,random,neutral,bn,0.5,0.6333333333333333,0.04294299880663554,120
bigscience/bloom-560m,0,gender,2,1,random,neutral,en,0.8583333333333333,1.0,0.5146794637044271,120
bigscience/bloom-560m,0,gender,2,1,random,neutral,hi,0.5416666666666666,1.0,0.19021408955256144,120
bigscience/bloom-560m,0,side_aunt,4,1,random,informative,bn,0.6666666666666666,1.0,1.2996960322062174,120
bigscience/bloom-560m,0,side_aunt,4,1,random,informative,en,0.5,0.6166666666666667,0.01506805419921875,120
bigscience/bloom-560m,0,side_aunt,4,1,random,informative,hi,0.8333333333333334,1.0,0.964296833674113,120
bigscience/bloom-560m,0,side_aunt,4,1,random,neutral,bn,0.5,1.0,0.6364201923211416,120
bigscience/bloom-560m,0,side_aunt,4,1,random,neutral,en,0.5,0.5,0.0,120
bigscience/bloom-560m,0,side_aunt,4,1,random,neutral,hi,0.775,1.0,0.6500469624996186,120
bigscience/bloom-560m,0,gender,4,1,random,informative,bn,0.5,1.0,0.5834708422422409,120
bigscience/bloom-560m,0,gender,4,1,random,informative,en,0.9666666666666667,1.0,0.560266621907552,120
bigscience/bloom-560m,0,gender,4,1,random,informative,hi,0.725,1.0,0.4472570935885111,120
bigscience/bloom-560m,0,gender,4,1,random,neutral,bn,0.5,0.6333333333333333,0.04567095140616099,120
bigscience/bloom-560m,0,gender,4,1,random,neutral,en,0.8583333333333333,1.0,0.517693837483724,120
bigscience/bloom-560m,0,gender,4,1,random,neutral,hi,0.55,1.0,0.19060631195704142,120
bigscience/bloom-560m,0,side_aunt,6,1,random,informative,bn,0.6916666666666667,1.0,1.2783691843350729,120
bigscience/bloom-560m,0,side_aunt,6,1,random,informative,en,0.5,0.6166666666666667,0.013711802164713542,120
bigscience/bloom-560m,0,side_aunt,6,1,random,informative,hi,0.825,1.0,0.9479014863570531,120
bigscience/bloom-560m,0,side_aunt,6,1,random,neutral,bn,0.5166666666666667,1.0,0.6343211094538371,120
bigscience/bloom-560m,0,side_aunt,6,1,random,neutral,en,0.5,0.5,0.0,120
bigscience/bloom-560m,0,side_aunt,6,1,random,neutral,hi,0.7583333333333333,1.0,0.6326860219240189,120
bigscience/bloom-560m,0,gender,6,1,random,informative,bn,0.5,1.0,0.5865868518749873,120
bigscience/bloom-560m,0,gender,6,1,random,informative,en,0.9666666666666667,1.0,0.5681358337402344,120
bigscience/bloom-560m,0,gender,6,1,random,informative,hi,0.725,1.0,0.4442339022954305,120
bigscience/bloom-560m,0,gender,6,1,random,neutral,bn,0.5,0.6166666666666667,0.04445613920688629,120
bigscience/bloom-560m,0,gender,6,1,random,neutral,en,0.85,1.0,0.5217885335286458,120
bigscience/bloom-560m,0,gender,6,1,random,neutral,hi,0.5416666666666666,1.0,0.18938357830047609,120
bigscience/bloom-560m,0,side_aunt,8,1,random,informative,bn,0.675,1.0,1.2972835580507913,120
bigscience/bloom-560m,0,side_aunt,8,1,random,informative,en,0.5,0.6166666666666667,0.0124603271484375,120
bigscience/bloom-560m,0,side_aunt,8,1,random,informative,hi,0.825,1.0,0.9746441046396891,120
bigscience/bloom-560m,0,side_aunt,8,1,random,neutral,bn,0.5083333333333333,1.0,0.6363707462946574,120
bigscience/bloom-560m,0,side_aunt,8,1,random,neutral,en,0.5,0.5,0.0,120
bigscience/bloom-560m,0,side_aunt,8,1,random,neutral,hi,0.7666666666666667,1.0,0.6504328489303589,120
bigscience/bloom-560m,0,gender,8,1,random,informative,bn,0.5,1.0,0.5806885063648224,120
bigscience/bloom-560m,0,gender,8,1,random,informative,en,0.9583333333333334,1.0,0.556994374593099,120
bigscience/bloom-560m,0,gender,8,1,random,informative,hi,0.725,1.0,0.4412911295890808,120
bigscience/bloom-560m,0,gender,8,1,random,neutral,bn,0.5,0.65,0.04590148627758026,120
bigscience/bloom-560m,0,gender,8,1,random,neutral,en,0.85,1.0,0.5129086812337239,120
bigscience/bloom-560m,0,gender,8,1,random,neutral,hi,0.55,1.0,0.1821538805961609,120
bigscience/bloom-560m,0,side_aunt,10,1,random,informative,bn,0.6666666666666666,1.0,1.3053755720456441,120
bigscience/bloom-560m,0,side_aunt,10,1,random,informative,en,0.5,0.6166666666666667,0.013417816162109375,120
bigscience/bloom-560m,0,side_aunt,10,1,random,informative,hi,0.825,1.0,0.9541861146688462,120
bigscience/bloom-560m,0,side_aunt,10,1,random,neutral,bn,0.5,1.0,0.6377117296059926,120
bigscience/bloom-560m,0,side_aunt,10,1,random,neutral,en,0.5,0.5,0.0,120
bigscience/bloom-560m,0,side_aunt,10,1,random,neutral,hi,0.7583333333333333,1.0,0.6434803773959478,120
bigscience/bloom-560m,0,gender,10,1,random,informative,bn,0.5,1.0,0.5875913192828496,120
bigscience/bloom-560m,0,gender,10,1,random,informative,en,0.9833333333333333,1.0,0.567969004313151,120
bigscience/bloom-560m,0,gender,10,1,random,informative,hi,0.7083333333333334,1.0,0.44621527592341104,120
bigscience/bloom-560m,0,gender,10,1,random,neutral,bn,0.5,0.65,0.049564662575721743,120
bigscience/bloom-560m,0,gender,10,1,random,neutral,en,0.8583333333333333,1.0,0.5251912434895833,120
bigscience/bloom-560m,0,gender,10,1,random,neutral,hi,0.5416666666666666,1.0,0.19552933772404987,120
bigscience/bloom-560m,0,side_aunt,12,1,random,informative,bn,0.675,1.0,1.2969201862812043,120
bigscience/bloom-560m,0,side_aunt,12,1,random,informative,en,0.5,0.6166666666666667,0.012020365397135416,120
bigscience/bloom-560m,0,side_aunt,12,1,random,informative,hi,0.8166666666666667,1.0,0.9617675364017486,120
bigscience/bloom-560m,0,side_aunt,12,1,random,neutral,bn,0.5083333333333333,1.0,0.648453813791275,120
bigscience/bloom-560m,0,side_aunt,12,1,random,neutral,en,0.5,0.5,0.0,120
bigscience/bloom-560m,0,side_aunt,12,1,random,neutral,hi,0.7583333333333333,1.0,0.6458768020073573,120
bigscience/bloom-560m,0,gender,12,1,random,informative,bn,0.5,1.0,0.5942676623662313,120
bigscience/bloom-560m,0,gender,12,1,random,informative,en,0.95,1.0,0.553185780843099,120
bigscience/bloom-560m,0,gender,12,1,random,informative,hi,0.7166666666666667,1.0,0.4429646015167236,120
bigscience/bloom-560m,0,gender,12,1,random,neutral,bn,0.5,0.6333333333333333,0.04715264836947123,120
bigscience/bloom-560m,0,gender,12,1,random,neutral,en,0.85,1.0,0.5100781758626302,120
bigscience/bloom-560m,0,gender,12,1,random,neutral,hi,0.5416666666666666,1.0,0.18740233580271404,120
bigscience/bloom-560m,0,side_aunt,12,4,random,informative,bn,0.6583333333333333,1.0,1.3009464641412098,120
bigscience/bloom-560m,0,side_aunt,12,4,random,informative,en,0.5,0.6833333333333333,0.018555450439453124,120
bigscience/bloom-560m,0,side_aunt,12,4,random,informative,hi,0.8166666666666667,1.0,0.9769361108541489,120
bigscience/bloom-560m,0,side_aunt,12,4,random,neutral,bn,0.5,1.0,0.6405014216899871,120
bigscience/bloom-560m,0,side_aunt,12,4,random,neutral,en,0.5,0.5,0.0,120
bigscience/bloom-560m,0,side_aunt,12,4,random,neutral,hi,0.775,1.0,0.6496587187051773,120
bigscience/bloom-560m,0,gender,12,4,random,informative,bn,0.5,1.0,0.5907774647076924,120
bigscience/bloom-560m,0,gender,12,4,random,informative,en,0.975,1.0,0.5540163675944011,120
bigscience/bloom-560m,0,gender,12,4,random,informative,hi,0.725,1.0,0.4507087786992391,120
bigscience/bloom-560m,0,gender,12,4,random,neutral,bn,0.5,0.6333333333333333,0.04560884237289429,120
bigscience/bloom-560m,0,gender,12,4,random,neutral,en,0.8583333333333333,1.0,0.5027793884277344,120
bigscience/bloom-560m,0,gender,12,4,random,neutral,hi,0.55,1.0,0.1816694974899292,120
bigscience/bloom-560m,0,side_aunt,14,1,random,informative,bn,0.675,1.0,1.3024553060531616,120
bigscience/bloom-560m,0,side_aunt,14,1,random,informative,en,0.5,0.65,0.01795171101888021,120
bigscience/bloom-560m,0,side_aunt,14,1,random,informative,hi,0.825,1.0,0.9515168676773708,120
bigscience/bloom-560m,0,side_aunt,14,1,random,neutral,bn,0.5083333333333333,1.0,0.6441488722960155,120
bigscience/bloom-560m,0,side_aunt,14,1,random,neutral,en,0.5,0.5,0.0,120
bigscience/bloom-560m,0,side_aunt,14,1,random,neutral,hi,0.7583333333333333,1.0,0.6371160825093587,120
bigscience/bloom-560m,0,gender,14,1,random,informative,bn,0.5,1.0,0.5886746138334275,120
bigscience/bloom-560m,0,gender,14,1,random,informative,en,0.975,1.0,0.5560735066731771,120
bigscience/bloom-560m,0,gender,14,1,random,informative,hi,0.7083333333333334,1.0,0.4468667944272359,120
bigscience/bloom-560m,0,gender,14,1,random,neutral,bn,0.5,0.6333333333333333,0.044961985945701596,120
bigscience/bloom-560m,0,gender,14,1,random,neutral,en,0.85,1.0,0.509905751546224,120
bigscience/bloom-560m,0,gender,14,1,random,neutral,hi,0.55,1.0,0.18952025572458903,120
bigscience/bloom-560m,0,side_aunt,16,1,random,informative,bn,0.65,1.0,1.2808813770612082,120
bigscience/bloom-560m,0,side_aunt,16,1,random,informative,en,0.5,0.6833333333333333,0.020701853434244792,120
bigscience/bloom-560m,0,side_aunt,16,1,random,informative,hi,0.8166666666666667,1.0,0.9514353801806767,120
bigscience/bloom-560m,0,side_aunt,16,1,random,neutral,bn,0.5,1.0,0.6234695672988891,120
bigscience/bloom-560m,0,side_aunt,16,1,random,neutral,en,0.5,0.5,0.0,120
bigscience/bloom-560m,0,side_aunt,16,1,random,neutral,hi,0.775,1.0,0.6366283516089122,120
bigscience/bloom-560m,0,gender,16,1,random,informative,bn,0.5,1.0,0.5878081013758977,120
bigscience/bloom-560m,0,gender,16,1,random,informative,en,0.9666666666666667,1.0,0.5647880554199218,120
bigscience/bloom-560m,0,gender,16,1,random,informative,hi,0.7083333333333334,1.0,0.44403816064198814,120
bigscience/bloom-560m,0,gender,16,1,random,neutral,bn,0.5,0.6333333333333333,0.048368438084920244,120
bigscience/bloom-560m,0,gender,16,1,random,neutral,en,0.8583333333333333,1.0,0.5195892333984375,120
bigscience/bloom-560m,0,gender,16,1,random,neutral,hi,0.5416666666666666,1.0,0.18823288281758627,120
bigscience/bloom-560m,0,side_aunt,18,1,random,informative,bn,0.675,1.0,1.2882269660631815,120
bigscience/bloom-560m,0,side_aunt,18,1,random,informative,en,0.5,0.6166666666666667,0.010616556803385416,120
bigscience/bloom-560m,0,side_aunt,18,1,random,informative,hi,0.8166666666666667,1.0,0.9424330105384191,120
bigscience/bloom-560m,0,side_aunt,18,1,random,neutral,bn,0.5083333333333333,1.0,0.6404312988122304,120
bigscience/bloom-560m,0,side_aunt,18,1,random,neutral,en,0.5,0.5,0.0,120
bigscience/bloom-560m,0,side_aunt,18,1,random,neutral,hi,0.7666666666666667,1.0,0.6406028191248576,120
bigscience/bloom-560m,0,gender,18,1,random,informative,bn,0.5,1.0,0.5783148467540741,120
bigscience/bloom-560m,0,gender,18,1,random,informative,en,0.9666666666666667,1.0,0.5594868977864583,120
bigscience/bloom-560m,0,gender,18,1,random,informative,hi,0.725,1.0,0.44035206238428753,120
bigscience/bloom-560m,0,gender,18,1,random,neutral,bn,0.5,0.6333333333333333,0.045579483111699425,120
bigscience/bloom-560m,0,gender,18,1,random,neutral,en,0.85,1.0,0.5171948750813802,120
bigscience/bloom-560m,0,gender,18,1,random,neutral,hi,0.55,1.0,0.18196706771850585,120
bigscience/bloom-560m,0,side_aunt,20,1,random,informative,bn,0.675,1.0,1.2996447344621023,120
bigscience/bloom-560m,0,side_aunt,20,1,random,informative,en,0.5,0.6166666666666667,0.016216278076171875,120
bigscience/bloom-560m,0,side_aunt,20,1,random,informative,hi,0.8166666666666667,1.0,0.9421983887751897,120
bigscience/bloom-560m,0,side_aunt,20,1,random,neutral,bn,0.5083333333333333,1.0,0.6431574881076813,120
bigscience/bloom-560m,0,side_aunt,20,1,random,neutral,en,0.5,0.5,0.0,120
bigscience/bloom-560m,0,side_aunt,20,1,random,neutral,hi,0.7583333333333333,1.0,0.6291157156229019,120
bigscience/bloom-560m,0,gender,20,1,random,informative,bn,0.5,1.0,0.5856574237346649,120
bigscience/bloom-560m,0,gender,20,1,random,informative,en,0.975,1.0,0.5643750508626302,120
bigscience/bloom-560m,0,gender,20,1,random,informative,hi,0.725,1.0,0.4576158920923869,120
bigscience/bloom-560m,0,gender,20,1,random,neutral,bn,0.5,0.6333333333333333,0.04647093415260315,120
bigscience/bloom-560m,0,gender,20,1,random,neutral,en,0.85,1.0,0.5206247965494791,120
bigscience/bloom-560m,0,gender,20,1,random,neutral,hi,0.55,1.0,0.19759329954783122,120
bigscience/bloom-560m,0,side_aunt,22,1,random,informative,bn,0.6666666666666666,1.0,1.3228962202866872,120
bigscience/bloom-560m,0,side_aunt,22,1,random,informative,en,0.5,0.6166666666666667,0.014529673258463542,120
bigscience/bloom-560m,0,side_aunt,22,1,random,informative,hi,0.825,1.0,0.9391167223453522,120
bigscience/bloom-560m,0,side_aunt,22,1,random,neutral,bn,0.5,1.0,0.6613463123639425,120
bigscience/bloom-560m,0,side_aunt,22,1,random,neutral,en,0.5,0.5,0.0,120
bigscience/bloom-560m,0,side_aunt,22,1,random,neutral,hi,0.7583333333333333,1.0,0.6308842162291209,120
bigscience/bloom-560m,0,gender,22,1,random,informative,bn,0.5,1.0,0.586270147562027,120
bigscience/bloom-560m,0,gender,22,1,random,informative,en,0.9583333333333334,1.0,0.5626785278320312,120
bigscience/bloom-560m,0,gender,22,1,random,informative,hi,0.725,1.0,0.4447281718254089,120
bigscience/bloom-560m,0,gender,22,1,random,neutral,bn,0.5,0.6666666666666666,0.05454278687636058,120
bigscience/bloom-560m,0,gender,22,1,random,neutral,en,0.8583333333333333,1.0,0.5202730814615886,120
bigscience/bloom-560m,0,gender,22,1,random,neutral,hi,0.55,1.0,0.18826132615407307,120
